class, count, image_count, verified, images
11522_tx_dyn1,67,35,TRUE, 07f7ff81-atc-AngThong3-m-h.jpg 0b32b1c9-rco-Rotchana2-m-mt.jpg 13e37597-fya-PlaengYao-m-h.jpg 1bef809f-pha-PhanomSarakham-sm-mt.jpg 1d01bf62-wam-WangMuang-m-mt.jpg 2a588b34-hsr-HuaSamrong-sm-1-dbsb.jpg 49495b18-lcc-LeamChabang3-m-dbsb.jpg 4cd875f9-kpo-KoPho-m-mt.jpg 4d860933-nvm-NavaNakhon2-sm-dbsb.jpg 506b3dc8-kwc-KhlongKhwang3-m-dbsb.jpg 50ea20ec-bbc-BanBueng3-m-h.jpg 55fe9113-mlk-MuakLek-sm-mt.jpg 590f9244-bva-BoThong-m-h.jpg 5dd1a288-rsb-RangSitTai2-mt-dbsb.jpg 614ca369-lma-LakChaiMuangYang-sm-mt.jpg 6897a4f9-bnh-Bueng3-m-h.jpg 7111c693-gua-KhlongNueng-sm-h.jpg 71c72868-nla-Nakhonluang-m-mt.jpg 7546636e-bja-BanChang-m-mt.jpg 77d25d71-srg-Saraburi7-m-mt.jpg 8907a55f-noy-NongYai-m-mt.jpg 92483dd4-scb-SiRacha2-m-mt.jpg b46454b6-llm-LamLukKa3-m-h.jpg b74c3520-wcn-WangChan-m-mt.jpg b7b901e0-aca-AmataCity1-sm-mt.jpg be5b4069-bwa-BangWua1-sm-mt.jpg be6c93cc-nkp-NikhomPhatthana-m-mt.jpg c011212e-bsm-BangSamak1-sm-dbsb.jpg c0ea8640-ctb-Chanthaburi2-m-h.jpg c9098ddd-pnr-PongNamRon-sm-mt.jpg cd51a7c9-pyw-PattayaTai3-m-dbsb.jpg d130b227-bbd-BanBueng4-m-h.jpg d1a1be5d-wia-WihanDaeng-m-mt.jpg de1283de-xda-SoiDao-m-h.jpg fc766199-kmk-KhaoMaiKaeo-m-mt.jpg
11522_tx_ynyn0d1,36,26,TRUE, 02b65651-dea-DetUdom-m-mt.jpg 187e2f10-ude-UdonThani5-m-dbsb.jpg 1939da14-kts-Kantharalak2-m-h.jpg 1a595406-mna-PhibunMangsahan-m-h.jpg 21ab6afd-ube-UbonRatchathani5-sm-h.jpg 24e49320-zta-Buntharik-m-h.jpg 2519656d-nna-NakhonPhanom2-m-mt.jpg 34c2ad3e-bub-BuengKan2-m-h.jpg 39c50475-mkb-Mahasarakham2-m-mt.jpg 3c486426-klb-Kalasin2-m-h.jpg 3e9b689f-nea-NamYuen-m-h.jpg 425b29f9-kuk-KhuKhan-m-mt.jpg 5a3fc565-cka-ChiangKhan-m-mt.jpg 63da3aa2-ubd-UbonRatchathani4-m-mt.jpg 66834636-kia-Kantharawichai-sm-h.jpg 6c8b9587-sob-SakonNakhon2-m-h.jpg 713f1d09-wra-WarinChamrap-m-mt.jpg 80cb2cb1-nkc-NongKai3-m-h.jpg a708d842-svn-Suvarnabhumi-sm-h.jpg bfc1b84e-ssk-SiSongkhram-m-mt.jpg c2b80ec9-kni-KhuengNai-m-h.jpg ddc43c4b-wda-SawangDaenDin-m-h.jpg e2d73ab2-sel-Selaphum-m-h.jpg e754dcff-kkc-KhonKaen3-m-mt.jpg ebff9502-kke-KhonKaen5-m-mt.jpg ff930de2-xia-SoPhisai-m-h.jpg
115_1way_ds_w_motor,705,58,TRUE, 02b65651-dea-DetUdom-m-mt.jpg 07f7ff81-atc-AngThong3-m-h.jpg 0b32b1c9-rco-Rotchana2-m-mt.jpg 187e2f10-ude-UdonThani5-m-dbsb.jpg 1939da14-kts-Kantharalak2-m-h.jpg 1a0018b7-kbm-KabinBuri5-m-bh.jpg 1a595406-mna-PhibunMangsahan-m-h.jpg 1bef809f-pha-PhanomSarakham-sm-mt.jpg 1d01bf62-wam-WangMuang-m-mt.jpg 2a588b34-hsr-HuaSamrong-sm-1-dbsb.jpg 31261d31-pab-PrachinBuri2-m-bh.jpg 34c2ad3e-bub-BuengKan2-m-h.jpg 39c50475-mkb-Mahasarakham2-m-mt.jpg 3c486426-klb-Kalasin2-m-h.jpg 3e9b689f-nea-NamYuen-m-h.jpg 425b29f9-kuk-KhuKhan-m-mt.jpg 49495b18-lcc-LeamChabang3-m-dbsb.jpg 4cd875f9-kpo-KoPho-m-mt.jpg 4d860933-nvm-NavaNakhon2-sm-dbsb.jpg 506b3dc8-kwc-KhlongKhwang3-m-dbsb.jpg 50ea20ec-bbc-BanBueng3-m-h.jpg 51b30630-bba-BanBueng1-sm-2-dbsb.jpg 55fe9113-mlk-MuakLek-sm-mt.jpg 5a3fc565-cka-ChiangKhan-m-mt.jpg 5dd1a288-rsb-RangSitTai2-mt-dbsb.jpg 614ca369-lma-LakChaiMuangYang-sm-mt.jpg 63da3aa2-ubd-UbonRatchathani4-m-mt.jpg 6897a4f9-bnh-Bueng3-m-h.jpg 6c8b9587-sob-SakonNakhon2-m-h.jpg 713f1d09-wra-WarinChamrap-m-mt.jpg 71c72868-nla-Nakhonluang-m-mt.jpg 77d25d71-srg-Saraburi7-m-mt.jpg 80cb2cb1-nkc-NongKai3-m-h.jpg 8907a55f-noy-NongYai-m-mt.jpg 92483dd4-scb-SiRacha2-m-mt.jpg a708d842-svn-Suvarnabhumi-sm-h.jpg b46454b6-llm-LamLukKa3-m-h.jpg b74c3520-wcn-WangChan-m-mt.jpg b7b901e0-aca-AmataCity1-sm-mt.jpg b818c20b-bib-BangPaIn2-sm-1-dbsb.jpg bb02702d-bba-BanBueng1-sm-1-dbsb.jpg be5b4069-bwa-BangWua1-sm-mt.jpg be6c93cc-nkp-NikhomPhatthana-m-mt.jpg bfc1b84e-ssk-SiSongkhram-m-mt.jpg c011212e-bsm-BangSamak1-sm-dbsb.jpg c2b80ec9-kni-KhuengNai-m-h.jpg c9098ddd-pnr-PongNamRon-sm-mt.jpg cb98c237-ubc-UbonRatchathani3-m-bh.jpg cd51a7c9-pyw-PattayaTai3-m-dbsb.jpg ce22fb62-bib-BangPaIn2-sm-2-dbsb.jpg d1a1be5d-wia-WihanDaeng-m-mt.jpg ddc43c4b-wda-SawangDaenDin-m-h.jpg e1f3ef84-apb-AoPhai2-sm-2-dbsb.jpg e2d73ab2-sel-Selaphum-m-h.jpg e8589e46-ply-PluakDaeng5-sm-bh.jpg ebff9502-kke-KhonKaen5-m-mt.jpg f21477da-apb-AoPhai2-sm-1-dbsb.jpg fc766199-kmk-KhaoMaiKaeo-m-mt.jpg
115_3ways_ds_w_motor,182,45, false, 02b65651-dea-DetUdom-m-mt.jpg 07f7ff81-atc-AngThong3-m-h.jpg 0b32b1c9-rco-Rotchana2-m-mt.jpg 13e37597-fya-PlaengYao-m-h.jpg 1939da14-kts-Kantharalak2-m-h.jpg 1a0018b7-kbm-KabinBuri5-m-bh.jpg 1a595406-mna-PhibunMangsahan-m-h.jpg 1d01bf62-wam-WangMuang-m-mt.jpg 21ab6afd-ube-UbonRatchathani5-sm-h.jpg 24e49320-zta-Buntharik-m-h.jpg 2519656d-nna-NakhonPhanom2-m-mt.jpg 31261d31-pab-PrachinBuri2-m-bh.jpg 34c2ad3e-bub-BuengKan2-m-h.jpg 3c486426-klb-Kalasin2-m-h.jpg 3e9b689f-nea-NamYuen-m-h.jpg 425b29f9-kuk-KhuKhan-m-mt.jpg 50ea20ec-bbc-BanBueng3-m-h.jpg 51b30630-bba-BanBueng1-sm-2-dbsb.jpg 55fe9113-mlk-MuakLek-sm-mt.jpg 590f9244-bva-BoThong-m-h.jpg 66834636-kia-Kantharawichai-sm-h.jpg 6897a4f9-bnh-Bueng3-m-h.jpg 6c8b9587-sob-SakonNakhon2-m-h.jpg 7111c693-gua-KhlongNueng-sm-h.jpg 713f1d09-wra-WarinChamrap-m-mt.jpg 7546636e-bja-BanChang-m-mt.jpg 80cb2cb1-nkc-NongKai3-m-h.jpg 818f31e5-nna-NakhonPhanom1-m-h.jpg 8907a55f-noy-NongYai-m-mt.jpg a708d842-svn-Suvarnabhumi-sm-h.jpg b46454b6-llm-LamLukKa3-m-h.jpg bb02702d-bba-BanBueng1-sm-1-dbsb.jpg bfc1b84e-ssk-SiSongkhram-m-mt.jpg c0ea8640-ctb-Chanthaburi2-m-h.jpg c2b80ec9-kni-KhuengNai-m-h.jpg c9098ddd-pnr-PongNamRon-sm-mt.jpg cb98c237-ubc-UbonRatchathani3-m-bh.jpg d130b227-bbd-BanBueng4-m-h.jpg d1a1be5d-wia-WihanDaeng-m-mt.jpg ddc43c4b-wda-SawangDaenDin-m-h.jpg de1283de-xda-SoiDao-m-h.jpg e2d73ab2-sel-Selaphum-m-h.jpg e754dcff-kkc-KhonKaen3-m-mt.jpg e8589e46-ply-PluakDaeng5-sm-bh.jpg fc766199-kmk-KhaoMaiKaeo-m-mt.jpg ff930de2-xia-SoPhisai-m-h.jpg
115_breaker,346,72,TRUE, 02b65651-dea-DetUdom-m-mt.jpg 07f7ff81-atc-AngThong3-m-h.jpg 0b32b1c9-rco-Rotchana2-m-mt.jpg 13e37597-fya-PlaengYao-m-h.jpg 187e2f10-ude-UdonThani5-m-dbsb.jpg 1939da14-kts-Kantharalak2-m-h.jpg 1a0018b7-kbm-KabinBuri5-m-bh.jpg 1a595406-mna-PhibunMangsahan-m-h.jpg 1bef809f-pha-PhanomSarakham-sm-mt.jpg 1d01bf62-wam-WangMuang-m-mt.jpg 21ab6afd-ube-UbonRatchathani5-sm-h.jpg 24e49320-zta-Buntharik-m-h.jpg 2519656d-nna-NakhonPhanom2-m-mt.jpg 2a588b34-hsr-HuaSamrong-sm-1-dbsb.jpg 31261d31-pab-PrachinBuri2-m-bh.jpg 34c2ad3e-bub-BuengKan2-m-h.jpg 39c50475-mkb-Mahasarakham2-m-mt.jpg 3c486426-klb-Kalasin2-m-h.jpg 3e9b689f-nea-NamYuen-m-h.jpg 425b29f9-kuk-KhuKhan-m-mt.jpg 49495b18-lcc-LeamChabang3-m-dbsb.jpg 4cd875f9-kpo-KoPho-m-mt.jpg 4d860933-nvm-NavaNakhon2-sm-dbsb.jpg 506b3dc8-kwc-KhlongKhwang3-m-dbsb.jpg 50ea20ec-bbc-BanBueng3-m-h.jpg 51b30630-bba-BanBueng1-sm-2-dbsb.jpg 55fe9113-mlk-MuakLek-sm-mt.jpg 590f9244-bva-BoThong-m-h.jpg 5a3fc565-cka-ChiangKhan-m-mt.jpg 5dd1a288-rsb-RangSitTai2-mt-dbsb.jpg 614ca369-lma-LakChaiMuangYang-sm-mt.jpg 63da3aa2-ubd-UbonRatchathani4-m-mt.jpg 66834636-kia-Kantharawichai-sm-h.jpg 6897a4f9-bnh-Bueng3-m-h.jpg 6c8b9587-sob-SakonNakhon2-m-h.jpg 7111c693-gua-KhlongNueng-sm-h.jpg 713f1d09-wra-WarinChamrap-m-mt.jpg 71c72868-nla-Nakhonluang-m-mt.jpg 7546636e-bja-BanChang-m-mt.jpg 77d25d71-srg-Saraburi7-m-mt.jpg 80cb2cb1-nkc-NongKai3-m-h.jpg 818f31e5-nna-NakhonPhanom1-m-h.jpg 8907a55f-noy-NongYai-m-mt.jpg 92483dd4-scb-SiRacha2-m-mt.jpg a708d842-svn-Suvarnabhumi-sm-h.jpg b46454b6-llm-LamLukKa3-m-h.jpg b74c3520-wcn-WangChan-m-mt.jpg b7b901e0-aca-AmataCity1-sm-mt.jpg b818c20b-bib-BangPaIn2-sm-1-dbsb.jpg bb02702d-bba-BanBueng1-sm-1-dbsb.jpg be5b4069-bwa-BangWua1-sm-mt.jpg be6c93cc-nkp-NikhomPhatthana-m-mt.jpg bfc1b84e-ssk-SiSongkhram-m-mt.jpg c011212e-bsm-BangSamak1-sm-dbsb.jpg c0ea8640-ctb-Chanthaburi2-m-h.jpg c2b80ec9-kni-KhuengNai-m-h.jpg c9098ddd-pnr-PongNamRon-sm-mt.jpg cb98c237-ubc-UbonRatchathani3-m-bh.jpg cd51a7c9-pyw-PattayaTai3-m-dbsb.jpg ce22fb62-bib-BangPaIn2-sm-2-dbsb.jpg d130b227-bbd-BanBueng4-m-h.jpg d1a1be5d-wia-WihanDaeng-m-mt.jpg ddc43c4b-wda-SawangDaenDin-m-h.jpg de1283de-xda-SoiDao-m-h.jpg e1f3ef84-apb-AoPhai2-sm-2-dbsb.jpg e2d73ab2-sel-Selaphum-m-h.jpg e754dcff-kkc-KhonKaen3-m-mt.jpg e8589e46-ply-PluakDaeng5-sm-bh.jpg ebff9502-kke-KhonKaen5-m-mt.jpg f21477da-apb-AoPhai2-sm-1-dbsb.jpg fc766199-kmk-KhaoMaiKaeo-m-mt.jpg ff930de2-xia-SoPhisai-m-h.jpg
115_buffer,22,10,TRUE, 187e2f10-ude-UdonThani5-m-dbsb.jpg 2a588b34-hsr-HuaSamrong-sm-1-dbsb.jpg 49495b18-lcc-LeamChabang3-m-dbsb.jpg 4d860933-nvm-NavaNakhon2-sm-dbsb.jpg 506b3dc8-kwc-KhlongKhwang3-m-dbsb.jpg 51b30630-bba-BanBueng1-sm-2-dbsb.jpg b818c20b-bib-BangPaIn2-sm-1-dbsb.jpg c011212e-bsm-BangSamak1-sm-dbsb.jpg cd51a7c9-pyw-PattayaTai3-m-dbsb.jpg e1f3ef84-apb-AoPhai2-sm-2-dbsb.jpg
115_cvt_1p,22,15,TRUE, 02b65651-dea-DetUdom-m-mt.jpg 0b32b1c9-rco-Rotchana2-m-mt.jpg 1d01bf62-wam-WangMuang-m-mt.jpg 55fe9113-mlk-MuakLek-sm-mt.jpg 5a3fc565-cka-ChiangKhan-m-mt.jpg 713f1d09-wra-WarinChamrap-m-mt.jpg 71c72868-nla-Nakhonluang-m-mt.jpg 7546636e-bja-BanChang-m-mt.jpg 8907a55f-noy-NongYai-m-mt.jpg b74c3520-wcn-WangChan-m-mt.jpg bfc1b84e-ssk-SiSongkhram-m-mt.jpg c9098ddd-pnr-PongNamRon-sm-mt.jpg d1a1be5d-wia-WihanDaeng-m-mt.jpg e754dcff-kkc-KhonKaen3-m-mt.jpg fc766199-kmk-KhaoMaiKaeo-m-mt.jpg
115_cvt_3p,15,14,TRUE, 02b65651-dea-DetUdom-m-mt.jpg 1d01bf62-wam-WangMuang-m-mt.jpg 425b29f9-kuk-KhuKhan-m-mt.jpg 55fe9113-mlk-MuakLek-sm-mt.jpg 5a3fc565-cka-ChiangKhan-m-mt.jpg 71c72868-nla-Nakhonluang-m-mt.jpg 7546636e-bja-BanChang-m-mt.jpg 8907a55f-noy-NongYai-m-mt.jpg bfc1b84e-ssk-SiSongkhram-m-mt.jpg c2b80ec9-kni-KhuengNai-m-h.jpg c9098ddd-pnr-PongNamRon-sm-mt.jpg e2d73ab2-sel-Selaphum-m-h.jpg e754dcff-kkc-KhonKaen3-m-mt.jpg fc766199-kmk-KhaoMaiKaeo-m-mt.jpg
115_ds,43,18,TRUE, 13e37597-fya-PlaengYao-m-h.jpg 21ab6afd-ube-UbonRatchathani5-sm-h.jpg 24e49320-zta-Buntharik-m-h.jpg 2519656d-nna-NakhonPhanom2-m-mt.jpg 3e9b689f-nea-NamYuen-m-h.jpg 50ea20ec-bbc-BanBueng3-m-h.jpg 590f9244-bva-BoThong-m-h.jpg 66834636-kia-Kantharawichai-sm-h.jpg 7111c693-gua-KhlongNueng-sm-h.jpg 7546636e-bja-BanChang-m-mt.jpg 818f31e5-nna-NakhonPhanom1-m-h.jpg c0ea8640-ctb-Chanthaburi2-m-h.jpg c2b80ec9-kni-KhuengNai-m-h.jpg d130b227-bbd-BanBueng4-m-h.jpg de1283de-xda-SoiDao-m-h.jpg e754dcff-kkc-KhonKaen3-m-mt.jpg ff930de2-xia-SoPhisai-m-h.jpg
115_gs,36,14,TRUE, 1bef809f-pha-PhanomSarakham-sm-mt.jpg 39c50475-mkb-Mahasarakham2-m-mt.jpg 4cd875f9-kpo-KoPho-m-mt.jpg 5a3fc565-cka-ChiangKhan-m-mt.jpg 614ca369-lma-LakChaiMuangYang-sm-mt.jpg 63da3aa2-ubd-UbonRatchathani4-m-mt.jpg 71c72868-nla-Nakhonluang-m-mt.jpg 77d25d71-srg-Saraburi7-m-mt.jpg 92483dd4-scb-SiRacha2-m-mt.jpg b74c3520-wcn-WangChan-m-mt.jpg b7b901e0-aca-AmataCity1-sm-mt.jpg be5b4069-bwa-BangWua1-sm-mt.jpg be6c93cc-nkp-NikhomPhatthana-m-mt.jpg ebff9502-kke-KhonKaen5-m-mt.jpg
115_gs_w_motor,218,14,TRUE, 187e2f10-ude-UdonThani5-m-dbsb.jpg 2a588b34-hsr-HuaSamrong-sm-1-dbsb.jpg 49495b18-lcc-LeamChabang3-m-dbsb.jpg 4d860933-nvm-NavaNakhon2-sm-dbsb.jpg 506b3dc8-kwc-KhlongKhwang3-m-dbsb.jpg 51b30630-bba-BanBueng1-sm-2-dbsb.jpg 5dd1a288-rsb-RangSitTai2-mt-dbsb.jpg b818c20b-bib-BangPaIn2-sm-1-dbsb.jpg bb02702d-bba-BanBueng1-sm-1-dbsb.jpg c011212e-bsm-BangSamak1-sm-dbsb.jpg cd51a7c9-pyw-PattayaTai3-m-dbsb.jpg ce22fb62-bib-BangPaIn2-sm-2-dbsb.jpg e1f3ef84-apb-AoPhai2-sm-2-dbsb.jpg f21477da-apb-AoPhai2-sm-1-dbsb.jpg
115_la,284,72,TRUE, 02b65651-dea-DetUdom-m-mt.jpg 07f7ff81-atc-AngThong3-m-h.jpg 0b32b1c9-rco-Rotchana2-m-mt.jpg 13e37597-fya-PlaengYao-m-h.jpg 187e2f10-ude-UdonThani5-m-dbsb.jpg 1939da14-kts-Kantharalak2-m-h.jpg 1a0018b7-kbm-KabinBuri5-m-bh.jpg 1a595406-mna-PhibunMangsahan-m-h.jpg 1bef809f-pha-PhanomSarakham-sm-mt.jpg 1d01bf62-wam-WangMuang-m-mt.jpg 21ab6afd-ube-UbonRatchathani5-sm-h.jpg 24e49320-zta-Buntharik-m-h.jpg 2519656d-nna-NakhonPhanom2-m-mt.jpg 2a588b34-hsr-HuaSamrong-sm-1-dbsb.jpg 31261d31-pab-PrachinBuri2-m-bh.jpg 34c2ad3e-bub-BuengKan2-m-h.jpg 39c50475-mkb-Mahasarakham2-m-mt.jpg 3c486426-klb-Kalasin2-m-h.jpg 3e9b689f-nea-NamYuen-m-h.jpg 425b29f9-kuk-KhuKhan-m-mt.jpg 49495b18-lcc-LeamChabang3-m-dbsb.jpg 4cd875f9-kpo-KoPho-m-mt.jpg 4d860933-nvm-NavaNakhon2-sm-dbsb.jpg 506b3dc8-kwc-KhlongKhwang3-m-dbsb.jpg 50ea20ec-bbc-BanBueng3-m-h.jpg 51b30630-bba-BanBueng1-sm-2-dbsb.jpg 55fe9113-mlk-MuakLek-sm-mt.jpg 590f9244-bva-BoThong-m-h.jpg 5a3fc565-cka-ChiangKhan-m-mt.jpg 5dd1a288-rsb-RangSitTai2-mt-dbsb.jpg 614ca369-lma-LakChaiMuangYang-sm-mt.jpg 63da3aa2-ubd-UbonRatchathani4-m-mt.jpg 66834636-kia-Kantharawichai-sm-h.jpg 6897a4f9-bnh-Bueng3-m-h.jpg 6c8b9587-sob-SakonNakhon2-m-h.jpg 7111c693-gua-KhlongNueng-sm-h.jpg 713f1d09-wra-WarinChamrap-m-mt.jpg 71c72868-nla-Nakhonluang-m-mt.jpg 7546636e-bja-BanChang-m-mt.jpg 77d25d71-srg-Saraburi7-m-mt.jpg 80cb2cb1-nkc-NongKai3-m-h.jpg 818f31e5-nna-NakhonPhanom1-m-h.jpg 8907a55f-noy-NongYai-m-mt.jpg 92483dd4-scb-SiRacha2-m-mt.jpg a708d842-svn-Suvarnabhumi-sm-h.jpg b46454b6-llm-LamLukKa3-m-h.jpg b74c3520-wcn-WangChan-m-mt.jpg b7b901e0-aca-AmataCity1-sm-mt.jpg b818c20b-bib-BangPaIn2-sm-1-dbsb.jpg bb02702d-bba-BanBueng1-sm-1-dbsb.jpg be5b4069-bwa-BangWua1-sm-mt.jpg be6c93cc-nkp-NikhomPhatthana-m-mt.jpg bfc1b84e-ssk-SiSongkhram-m-mt.jpg c011212e-bsm-BangSamak1-sm-dbsb.jpg c0ea8640-ctb-Chanthaburi2-m-h.jpg c2b80ec9-kni-KhuengNai-m-h.jpg c9098ddd-pnr-PongNamRon-sm-mt.jpg cb98c237-ubc-UbonRatchathani3-m-bh.jpg cd51a7c9-pyw-PattayaTai3-m-dbsb.jpg ce22fb62-bib-BangPaIn2-sm-2-dbsb.jpg d130b227-bbd-BanBueng4-m-h.jpg d1a1be5d-wia-WihanDaeng-m-mt.jpg ddc43c4b-wda-SawangDaenDin-m-h.jpg de1283de-xda-SoiDao-m-h.jpg e1f3ef84-apb-AoPhai2-sm-2-dbsb.jpg e2d73ab2-sel-Selaphum-m-h.jpg e754dcff-kkc-KhonKaen3-m-mt.jpg e8589e46-ply-PluakDaeng5-sm-bh.jpg ebff9502-kke-KhonKaen5-m-mt.jpg f21477da-apb-AoPhai2-sm-1-dbsb.jpg fc766199-kmk-KhaoMaiKaeo-m-mt.jpg ff930de2-xia-SoPhisai-m-h.jpg
115_vt_1p,77,59,TRUE, 02b65651-dea-DetUdom-m-mt.jpg 07f7ff81-atc-AngThong3-m-h.jpg 0b32b1c9-rco-Rotchana2-m-mt.jpg 13e37597-fya-PlaengYao-m-h.jpg 187e2f10-ude-UdonThani5-m-dbsb.jpg 1939da14-kts-Kantharalak2-m-h.jpg 1a0018b7-kbm-KabinBuri5-m-bh.jpg 1a595406-mna-PhibunMangsahan-m-h.jpg 1bef809f-pha-PhanomSarakham-sm-mt.jpg 1d01bf62-wam-WangMuang-m-mt.jpg 21ab6afd-ube-UbonRatchathani5-sm-h.jpg 2519656d-nna-NakhonPhanom2-m-mt.jpg 2a588b34-hsr-HuaSamrong-sm-1-dbsb.jpg 31261d31-pab-PrachinBuri2-m-bh.jpg 34c2ad3e-bub-BuengKan2-m-h.jpg 39c50475-mkb-Mahasarakham2-m-mt.jpg 3c486426-klb-Kalasin2-m-h.jpg 3e9b689f-nea-NamYuen-m-h.jpg 425b29f9-kuk-KhuKhan-m-mt.jpg 49495b18-lcc-LeamChabang3-m-dbsb.jpg 4cd875f9-kpo-KoPho-m-mt.jpg 4d860933-nvm-NavaNakhon2-sm-dbsb.jpg 506b3dc8-kwc-KhlongKhwang3-m-dbsb.jpg 50ea20ec-bbc-BanBueng3-m-h.jpg 55fe9113-mlk-MuakLek-sm-mt.jpg 590f9244-bva-BoThong-m-h.jpg 5dd1a288-rsb-RangSitTai2-mt-dbsb.jpg 614ca369-lma-LakChaiMuangYang-sm-mt.jpg 63da3aa2-ubd-UbonRatchathani4-m-mt.jpg 66834636-kia-Kantharawichai-sm-h.jpg 6c8b9587-sob-SakonNakhon2-m-h.jpg 7111c693-gua-KhlongNueng-sm-h.jpg 77d25d71-srg-Saraburi7-m-mt.jpg 80cb2cb1-nkc-NongKai3-m-h.jpg 818f31e5-nna-NakhonPhanom1-m-h.jpg 8907a55f-noy-NongYai-m-mt.jpg 92483dd4-scb-SiRacha2-m-mt.jpg a708d842-svn-Suvarnabhumi-sm-h.jpg b46454b6-llm-LamLukKa3-m-h.jpg b7b901e0-aca-AmataCity1-sm-mt.jpg be5b4069-bwa-BangWua1-sm-mt.jpg be6c93cc-nkp-NikhomPhatthana-m-mt.jpg bfc1b84e-ssk-SiSongkhram-m-mt.jpg c011212e-bsm-BangSamak1-sm-dbsb.jpg c0ea8640-ctb-Chanthaburi2-m-h.jpg cb98c237-ubc-UbonRatchathani3-m-bh.jpg cd51a7c9-pyw-PattayaTai3-m-dbsb.jpg ce22fb62-bib-BangPaIn2-sm-2-dbsb.jpg d130b227-bbd-BanBueng4-m-h.jpg d1a1be5d-wia-WihanDaeng-m-mt.jpg ddc43c4b-wda-SawangDaenDin-m-h.jpg de1283de-xda-SoiDao-m-h.jpg e2d73ab2-sel-Selaphum-m-h.jpg e754dcff-kkc-KhonKaen3-m-mt.jpg e8589e46-ply-PluakDaeng5-sm-bh.jpg ebff9502-kke-KhonKaen5-m-mt.jpg f21477da-apb-AoPhai2-sm-1-dbsb.jpg fc766199-kmk-KhaoMaiKaeo-m-mt.jpg ff930de2-xia-SoPhisai-m-h.jpg
115_vt_3p,153,58,TRUE, 07f7ff81-atc-AngThong3-m-h.jpg 0b32b1c9-rco-Rotchana2-m-mt.jpg 13e37597-fya-PlaengYao-m-h.jpg 187e2f10-ude-UdonThani5-m-dbsb.jpg 1939da14-kts-Kantharalak2-m-h.jpg 1a0018b7-kbm-KabinBuri5-m-bh.jpg 1a595406-mna-PhibunMangsahan-m-h.jpg 1bef809f-pha-PhanomSarakham-sm-mt.jpg 21ab6afd-ube-UbonRatchathani5-sm-h.jpg 24e49320-zta-Buntharik-m-h.jpg 2519656d-nna-NakhonPhanom2-m-mt.jpg 2a588b34-hsr-HuaSamrong-sm-1-dbsb.jpg 31261d31-pab-PrachinBuri2-m-bh.jpg 34c2ad3e-bub-BuengKan2-m-h.jpg 39c50475-mkb-Mahasarakham2-m-mt.jpg 3c486426-klb-Kalasin2-m-h.jpg 3e9b689f-nea-NamYuen-m-h.jpg 49495b18-lcc-LeamChabang3-m-dbsb.jpg 4cd875f9-kpo-KoPho-m-mt.jpg 4d860933-nvm-NavaNakhon2-sm-dbsb.jpg 506b3dc8-kwc-KhlongKhwang3-m-dbsb.jpg 50ea20ec-bbc-BanBueng3-m-h.jpg 51b30630-bba-BanBueng1-sm-2-dbsb.jpg 590f9244-bva-BoThong-m-h.jpg 5dd1a288-rsb-RangSitTai2-mt-dbsb.jpg 614ca369-lma-LakChaiMuangYang-sm-mt.jpg 63da3aa2-ubd-UbonRatchathani4-m-mt.jpg 66834636-kia-Kantharawichai-sm-h.jpg 6897a4f9-bnh-Bueng3-m-h.jpg 6c8b9587-sob-SakonNakhon2-m-h.jpg 7111c693-gua-KhlongNueng-sm-h.jpg 713f1d09-wra-WarinChamrap-m-mt.jpg 77d25d71-srg-Saraburi7-m-mt.jpg 80cb2cb1-nkc-NongKai3-m-h.jpg 818f31e5-nna-NakhonPhanom1-m-h.jpg 92483dd4-scb-SiRacha2-m-mt.jpg a708d842-svn-Suvarnabhumi-sm-h.jpg b46454b6-llm-LamLukKa3-m-h.jpg b74c3520-wcn-WangChan-m-mt.jpg b7b901e0-aca-AmataCity1-sm-mt.jpg b818c20b-bib-BangPaIn2-sm-1-dbsb.jpg bb02702d-bba-BanBueng1-sm-1-dbsb.jpg be5b4069-bwa-BangWua1-sm-mt.jpg be6c93cc-nkp-NikhomPhatthana-m-mt.jpg c011212e-bsm-BangSamak1-sm-dbsb.jpg c0ea8640-ctb-Chanthaburi2-m-h.jpg cb98c237-ubc-UbonRatchathani3-m-bh.jpg cd51a7c9-pyw-PattayaTai3-m-dbsb.jpg ce22fb62-bib-BangPaIn2-sm-2-dbsb.jpg d130b227-bbd-BanBueng4-m-h.jpg d1a1be5d-wia-WihanDaeng-m-mt.jpg ddc43c4b-wda-SawangDaenDin-m-h.jpg de1283de-xda-SoiDao-m-h.jpg e1f3ef84-apb-AoPhai2-sm-2-dbsb.jpg e8589e46-ply-PluakDaeng5-sm-bh.jpg ebff9502-kke-KhonKaen5-m-mt.jpg f21477da-apb-AoPhai2-sm-1-dbsb.jpg ff930de2-xia-SoPhisai-m-h.jpg
22_breaker,939,63,TRUE, 02b65651-dea-DetUdom-m-mt.jpg 07f7ff81-atc-AngThong3-m-h.jpg 0b32b1c9-rco-Rotchana2-m-mt.jpg 13e37597-fya-PlaengYao-m-h.jpg 187e2f10-ude-UdonThani5-m-dbsb.jpg 1939da14-kts-Kantharalak2-m-h.jpg 1a595406-mna-PhibunMangsahan-m-h.jpg 1bef809f-pha-PhanomSarakham-sm-mt.jpg 1d01bf62-wam-WangMuang-m-mt.jpg 21ab6afd-ube-UbonRatchathani5-sm-h.jpg 24e49320-zta-Buntharik-m-h.jpg 2519656d-nna-NakhonPhanom2-m-mt.jpg 2a588b34-hsr-HuaSamrong-sm-1-dbsb.jpg 34c2ad3e-bub-BuengKan2-m-h.jpg 39c50475-mkb-Mahasarakham2-m-mt.jpg 3c486426-klb-Kalasin2-m-h.jpg 3e9b689f-nea-NamYuen-m-h.jpg 425b29f9-kuk-KhuKhan-m-mt.jpg 49495b18-lcc-LeamChabang3-m-dbsb.jpg 4cd875f9-kpo-KoPho-m-mt.jpg 4d860933-nvm-NavaNakhon2-sm-dbsb.jpg 4f40cf58-mda-Mukdahan1-sm-mt.jpg 506b3dc8-kwc-KhlongKhwang3-m-dbsb.jpg 50ea20ec-bbc-BanBueng3-m-h.jpg 55fe9113-mlk-MuakLek-sm-mt.jpg 590f9244-bva-BoThong-m-h.jpg 5a3fc565-cka-ChiangKhan-m-mt.jpg 5dd1a288-rsb-RangSitTai2-mt-dbsb.jpg 614ca369-lma-LakChaiMuangYang-sm-mt.jpg 63da3aa2-ubd-UbonRatchathani4-m-mt.jpg 66834636-kia-Kantharawichai-sm-h.jpg 6897a4f9-bnh-Bueng3-m-h.jpg 6c8b9587-sob-SakonNakhon2-m-h.jpg 7111c693-gua-KhlongNueng-sm-h.jpg 713f1d09-wra-WarinChamrap-m-mt.jpg 71c72868-nla-Nakhonluang-m-mt.jpg 7546636e-bja-BanChang-m-mt.jpg 77d25d71-srg-Saraburi7-m-mt.jpg 80cb2cb1-nkc-NongKai3-m-h.jpg 8907a55f-noy-NongYai-m-mt.jpg 92483dd4-scb-SiRacha2-m-mt.jpg a708d842-svn-Suvarnabhumi-sm-h.jpg b46454b6-llm-LamLukKa3-m-h.jpg b74c3520-wcn-WangChan-m-mt.jpg b7b901e0-aca-AmataCity1-sm-mt.jpg be5b4069-bwa-BangWua1-sm-mt.jpg be6c93cc-nkp-NikhomPhatthana-m-mt.jpg bfc1b84e-ssk-SiSongkhram-m-mt.jpg c011212e-bsm-BangSamak1-sm-dbsb.jpg c0ea8640-ctb-Chanthaburi2-m-h.jpg c2b80ec9-kni-KhuengNai-m-h.jpg c9098ddd-pnr-PongNamRon-sm-mt.jpg c9c4f0b3-hsr-HuaSamrong-sm-2-dbsb.jpg cd51a7c9-pyw-PattayaTai3-m-dbsb.jpg d130b227-bbd-BanBueng4-m-h.jpg d1a1be5d-wia-WihanDaeng-m-mt.jpg ddc43c4b-wda-SawangDaenDin-m-h.jpg de1283de-xda-SoiDao-m-h.jpg e2d73ab2-sel-Selaphum-m-h.jpg e754dcff-kkc-KhonKaen3-m-mt.jpg ebff9502-kke-KhonKaen5-m-mt.jpg fc766199-kmk-KhaoMaiKaeo-m-mt.jpg ff930de2-xia-SoPhisai-m-h.jpg
22_cap_bank,123,62,TRUE, 02b65651-dea-DetUdom-m-mt.jpg 07f7ff81-atc-AngThong3-m-h.jpg 0b32b1c9-rco-Rotchana2-m-mt.jpg 13e37597-fya-PlaengYao-m-h.jpg 187e2f10-ude-UdonThani5-m-dbsb.jpg 1939da14-kts-Kantharalak2-m-h.jpg 1a595406-mna-PhibunMangsahan-m-h.jpg 1bef809f-pha-PhanomSarakham-sm-mt.jpg 1d01bf62-wam-WangMuang-m-mt.jpg 21ab6afd-ube-UbonRatchathani5-sm-h.jpg 24e49320-zta-Buntharik-m-h.jpg 2519656d-nna-NakhonPhanom2-m-mt.jpg 2a588b34-hsr-HuaSamrong-sm-1-dbsb.jpg 34c2ad3e-bub-BuengKan2-m-h.jpg 39c50475-mkb-Mahasarakham2-m-mt.jpg 3c486426-klb-Kalasin2-m-h.jpg 3e9b689f-nea-NamYuen-m-h.jpg 425b29f9-kuk-KhuKhan-m-mt.jpg 49495b18-lcc-LeamChabang3-m-dbsb.jpg 4cd875f9-kpo-KoPho-m-mt.jpg 4d860933-nvm-NavaNakhon2-sm-dbsb.jpg 4f40cf58-mda-Mukdahan1-sm-mt.jpg 506b3dc8-kwc-KhlongKhwang3-m-dbsb.jpg 50ea20ec-bbc-BanBueng3-m-h.jpg 55fe9113-mlk-MuakLek-sm-mt.jpg 590f9244-bva-BoThong-m-h.jpg 5a3fc565-cka-ChiangKhan-m-mt.jpg 5dd1a288-rsb-RangSitTai2-mt-dbsb.jpg 614ca369-lma-LakChaiMuangYang-sm-mt.jpg 63da3aa2-ubd-UbonRatchathani4-m-mt.jpg 66834636-kia-Kantharawichai-sm-h.jpg 6897a4f9-bnh-Bueng3-m-h.jpg 6c8b9587-sob-SakonNakhon2-m-h.jpg 7111c693-gua-KhlongNueng-sm-h.jpg 713f1d09-wra-WarinChamrap-m-mt.jpg 71c72868-nla-Nakhonluang-m-mt.jpg 7546636e-bja-BanChang-m-mt.jpg 77d25d71-srg-Saraburi7-m-mt.jpg 80cb2cb1-nkc-NongKai3-m-h.jpg 8907a55f-noy-NongYai-m-mt.jpg 92483dd4-scb-SiRacha2-m-mt.jpg a708d842-svn-Suvarnabhumi-sm-h.jpg b46454b6-llm-LamLukKa3-m-h.jpg b74c3520-wcn-WangChan-m-mt.jpg b7b901e0-aca-AmataCity1-sm-mt.jpg be5b4069-bwa-BangWua1-sm-mt.jpg be6c93cc-nkp-NikhomPhatthana-m-mt.jpg bfc1b84e-ssk-SiSongkhram-m-mt.jpg c011212e-bsm-BangSamak1-sm-dbsb.jpg c0ea8640-ctb-Chanthaburi2-m-h.jpg c2b80ec9-kni-KhuengNai-m-h.jpg c9098ddd-pnr-PongNamRon-sm-mt.jpg c9c4f0b3-hsr-HuaSamrong-sm-2-dbsb.jpg cd51a7c9-pyw-PattayaTai3-m-dbsb.jpg d130b227-bbd-BanBueng4-m-h.jpg d1a1be5d-wia-WihanDaeng-m-mt.jpg ddc43c4b-wda-SawangDaenDin-m-h.jpg de1283de-xda-SoiDao-m-h.jpg e754dcff-kkc-KhonKaen3-m-mt.jpg ebff9502-kke-KhonKaen5-m-mt.jpg fc766199-kmk-KhaoMaiKaeo-m-mt.jpg ff930de2-xia-SoPhisai-m-h.jpg
22_ds,121,61,TRUE, 02b65651-dea-DetUdom-m-mt.jpg 07f7ff81-atc-AngThong3-m-h.jpg 0b32b1c9-rco-Rotchana2-m-mt.jpg 13e37597-fya-PlaengYao-m-h.jpg 187e2f10-ude-UdonThani5-m-dbsb.jpg 1939da14-kts-Kantharalak2-m-h.jpg 1a595406-mna-PhibunMangsahan-m-h.jpg 1bef809f-pha-PhanomSarakham-sm-mt.jpg 1d01bf62-wam-WangMuang-m-mt.jpg 21ab6afd-ube-UbonRatchathani5-sm-h.jpg 24e49320-zta-Buntharik-m-h.jpg 2519656d-nna-NakhonPhanom2-m-mt.jpg 2a588b34-hsr-HuaSamrong-sm-1-dbsb.jpg 34c2ad3e-bub-BuengKan2-m-h.jpg 39c50475-mkb-Mahasarakham2-m-mt.jpg 3c486426-klb-Kalasin2-m-h.jpg 3e9b689f-nea-NamYuen-m-h.jpg 425b29f9-kuk-KhuKhan-m-mt.jpg 49495b18-lcc-LeamChabang3-m-dbsb.jpg 4cd875f9-kpo-KoPho-m-mt.jpg 4d860933-nvm-NavaNakhon2-sm-dbsb.jpg 4f40cf58-mda-Mukdahan1-sm-mt.jpg 506b3dc8-kwc-KhlongKhwang3-m-dbsb.jpg 50ea20ec-bbc-BanBueng3-m-h.jpg 55fe9113-mlk-MuakLek-sm-mt.jpg 590f9244-bva-BoThong-m-h.jpg 5a3fc565-cka-ChiangKhan-m-mt.jpg 5dd1a288-rsb-RangSitTai2-mt-dbsb.jpg 614ca369-lma-LakChaiMuangYang-sm-mt.jpg 63da3aa2-ubd-UbonRatchathani4-m-mt.jpg 66834636-kia-Kantharawichai-sm-h.jpg 6897a4f9-bnh-Bueng3-m-h.jpg 6c8b9587-sob-SakonNakhon2-m-h.jpg 7111c693-gua-KhlongNueng-sm-h.jpg 713f1d09-wra-WarinChamrap-m-mt.jpg 71c72868-nla-Nakhonluang-m-mt.jpg 7546636e-bja-BanChang-m-mt.jpg 77d25d71-srg-Saraburi7-m-mt.jpg 80cb2cb1-nkc-NongKai3-m-h.jpg 8907a55f-noy-NongYai-m-mt.jpg 92483dd4-scb-SiRacha2-m-mt.jpg a708d842-svn-Suvarnabhumi-sm-h.jpg b46454b6-llm-LamLukKa3-m-h.jpg b74c3520-wcn-WangChan-m-mt.jpg b7b901e0-aca-AmataCity1-sm-mt.jpg be5b4069-bwa-BangWua1-sm-mt.jpg bfc1b84e-ssk-SiSongkhram-m-mt.jpg c011212e-bsm-BangSamak1-sm-dbsb.jpg c0ea8640-ctb-Chanthaburi2-m-h.jpg c2b80ec9-kni-KhuengNai-m-h.jpg c9098ddd-pnr-PongNamRon-sm-mt.jpg cd51a7c9-pyw-PattayaTai3-m-dbsb.jpg d130b227-bbd-BanBueng4-m-h.jpg d1a1be5d-wia-WihanDaeng-m-mt.jpg ddc43c4b-wda-SawangDaenDin-m-h.jpg de1283de-xda-SoiDao-m-h.jpg e2d73ab2-sel-Selaphum-m-h.jpg e754dcff-kkc-KhonKaen3-m-mt.jpg ebff9502-kke-KhonKaen5-m-mt.jpg fc766199-kmk-KhaoMaiKaeo-m-mt.jpg ff930de2-xia-SoPhisai-m-h.jpg
22_ds_la_out,615,62,TRUE, 02b65651-dea-DetUdom-m-mt.jpg 07f7ff81-atc-AngThong3-m-h.jpg 0b32b1c9-rco-Rotchana2-m-mt.jpg 13e37597-fya-PlaengYao-m-h.jpg 187e2f10-ude-UdonThani5-m-dbsb.jpg 1939da14-kts-Kantharalak2-m-h.jpg 1a595406-mna-PhibunMangsahan-m-h.jpg 1bef809f-pha-PhanomSarakham-sm-mt.jpg 1d01bf62-wam-WangMuang-m-mt.jpg 21ab6afd-ube-UbonRatchathani5-sm-h.jpg 24e49320-zta-Buntharik-m-h.jpg 2519656d-nna-NakhonPhanom2-m-mt.jpg 2a588b34-hsr-HuaSamrong-sm-1-dbsb.jpg 34c2ad3e-bub-BuengKan2-m-h.jpg 39c50475-mkb-Mahasarakham2-m-mt.jpg 3c486426-klb-Kalasin2-m-h.jpg 3e9b689f-nea-NamYuen-m-h.jpg 425b29f9-kuk-KhuKhan-m-mt.jpg 49495b18-lcc-LeamChabang3-m-dbsb.jpg 4cd875f9-kpo-KoPho-m-mt.jpg 4d860933-nvm-NavaNakhon2-sm-dbsb.jpg 4f40cf58-mda-Mukdahan1-sm-mt.jpg 506b3dc8-kwc-KhlongKhwang3-m-dbsb.jpg 50ea20ec-bbc-BanBueng3-m-h.jpg 55fe9113-mlk-MuakLek-sm-mt.jpg 590f9244-bva-BoThong-m-h.jpg 5a3fc565-cka-ChiangKhan-m-mt.jpg 614ca369-lma-LakChaiMuangYang-sm-mt.jpg 63da3aa2-ubd-UbonRatchathani4-m-mt.jpg 66834636-kia-Kantharawichai-sm-h.jpg 6897a4f9-bnh-Bueng3-m-h.jpg 6c8b9587-sob-SakonNakhon2-m-h.jpg 7111c693-gua-KhlongNueng-sm-h.jpg 713f1d09-wra-WarinChamrap-m-mt.jpg 71c72868-nla-Nakhonluang-m-mt.jpg 7546636e-bja-BanChang-m-mt.jpg 77d25d71-srg-Saraburi7-m-mt.jpg 80cb2cb1-nkc-NongKai3-m-h.jpg 8907a55f-noy-NongYai-m-mt.jpg 92483dd4-scb-SiRacha2-m-mt.jpg a708d842-svn-Suvarnabhumi-sm-h.jpg b46454b6-llm-LamLukKa3-m-h.jpg b74c3520-wcn-WangChan-m-mt.jpg b7b901e0-aca-AmataCity1-sm-mt.jpg be5b4069-bwa-BangWua1-sm-mt.jpg be6c93cc-nkp-NikhomPhatthana-m-mt.jpg bfc1b84e-ssk-SiSongkhram-m-mt.jpg c011212e-bsm-BangSamak1-sm-dbsb.jpg c0ea8640-ctb-Chanthaburi2-m-h.jpg c2b80ec9-kni-KhuengNai-m-h.jpg c9098ddd-pnr-PongNamRon-sm-mt.jpg c9c4f0b3-hsr-HuaSamrong-sm-2-dbsb.jpg cd51a7c9-pyw-PattayaTai3-m-dbsb.jpg d130b227-bbd-BanBueng4-m-h.jpg d1a1be5d-wia-WihanDaeng-m-mt.jpg ddc43c4b-wda-SawangDaenDin-m-h.jpg de1283de-xda-SoiDao-m-h.jpg e2d73ab2-sel-Selaphum-m-h.jpg e754dcff-kkc-KhonKaen3-m-mt.jpg ebff9502-kke-KhonKaen5-m-mt.jpg fc766199-kmk-KhaoMaiKaeo-m-mt.jpg ff930de2-xia-SoPhisai-m-h.jpg
22_gs,996,63,TRUE, 02b65651-dea-DetUdom-m-mt.jpg 07f7ff81-atc-AngThong3-m-h.jpg 0b32b1c9-rco-Rotchana2-m-mt.jpg 13e37597-fya-PlaengYao-m-h.jpg 187e2f10-ude-UdonThani5-m-dbsb.jpg 1939da14-kts-Kantharalak2-m-h.jpg 1a595406-mna-PhibunMangsahan-m-h.jpg 1bef809f-pha-PhanomSarakham-sm-mt.jpg 1d01bf62-wam-WangMuang-m-mt.jpg 21ab6afd-ube-UbonRatchathani5-sm-h.jpg 24e49320-zta-Buntharik-m-h.jpg 2519656d-nna-NakhonPhanom2-m-mt.jpg 2a588b34-hsr-HuaSamrong-sm-1-dbsb.jpg 34c2ad3e-bub-BuengKan2-m-h.jpg 39c50475-mkb-Mahasarakham2-m-mt.jpg 3c486426-klb-Kalasin2-m-h.jpg 3e9b689f-nea-NamYuen-m-h.jpg 425b29f9-kuk-KhuKhan-m-mt.jpg 49495b18-lcc-LeamChabang3-m-dbsb.jpg 4cd875f9-kpo-KoPho-m-mt.jpg 4d860933-nvm-NavaNakhon2-sm-dbsb.jpg 4f40cf58-mda-Mukdahan1-sm-mt.jpg 506b3dc8-kwc-KhlongKhwang3-m-dbsb.jpg 50ea20ec-bbc-BanBueng3-m-h.jpg 55fe9113-mlk-MuakLek-sm-mt.jpg 590f9244-bva-BoThong-m-h.jpg 5a3fc565-cka-ChiangKhan-m-mt.jpg 5dd1a288-rsb-RangSitTai2-mt-dbsb.jpg 614ca369-lma-LakChaiMuangYang-sm-mt.jpg 63da3aa2-ubd-UbonRatchathani4-m-mt.jpg 66834636-kia-Kantharawichai-sm-h.jpg 6897a4f9-bnh-Bueng3-m-h.jpg 6c8b9587-sob-SakonNakhon2-m-h.jpg 7111c693-gua-KhlongNueng-sm-h.jpg 713f1d09-wra-WarinChamrap-m-mt.jpg 71c72868-nla-Nakhonluang-m-mt.jpg 7546636e-bja-BanChang-m-mt.jpg 77d25d71-srg-Saraburi7-m-mt.jpg 80cb2cb1-nkc-NongKai3-m-h.jpg 8907a55f-noy-NongYai-m-mt.jpg 92483dd4-scb-SiRacha2-m-mt.jpg a708d842-svn-Suvarnabhumi-sm-h.jpg b46454b6-llm-LamLukKa3-m-h.jpg b74c3520-wcn-WangChan-m-mt.jpg b7b901e0-aca-AmataCity1-sm-mt.jpg be5b4069-bwa-BangWua1-sm-mt.jpg be6c93cc-nkp-NikhomPhatthana-m-mt.jpg bfc1b84e-ssk-SiSongkhram-m-mt.jpg c011212e-bsm-BangSamak1-sm-dbsb.jpg c0ea8640-ctb-Chanthaburi2-m-h.jpg c2b80ec9-kni-KhuengNai-m-h.jpg c9098ddd-pnr-PongNamRon-sm-mt.jpg c9c4f0b3-hsr-HuaSamrong-sm-2-dbsb.jpg cd51a7c9-pyw-PattayaTai3-m-dbsb.jpg d130b227-bbd-BanBueng4-m-h.jpg d1a1be5d-wia-WihanDaeng-m-mt.jpg ddc43c4b-wda-SawangDaenDin-m-h.jpg de1283de-xda-SoiDao-m-h.jpg e2d73ab2-sel-Selaphum-m-h.jpg e754dcff-kkc-KhonKaen3-m-mt.jpg ebff9502-kke-KhonKaen5-m-mt.jpg fc766199-kmk-KhaoMaiKaeo-m-mt.jpg ff930de2-xia-SoPhisai-m-h.jpg
22_ll,997,63,TRUE, 02b65651-dea-DetUdom-m-mt.jpg 07f7ff81-atc-AngThong3-m-h.jpg 0b32b1c9-rco-Rotchana2-m-mt.jpg 13e37597-fya-PlaengYao-m-h.jpg 187e2f10-ude-UdonThani5-m-dbsb.jpg 1939da14-kts-Kantharalak2-m-h.jpg 1a595406-mna-PhibunMangsahan-m-h.jpg 1bef809f-pha-PhanomSarakham-sm-mt.jpg 1d01bf62-wam-WangMuang-m-mt.jpg 21ab6afd-ube-UbonRatchathani5-sm-h.jpg 24e49320-zta-Buntharik-m-h.jpg 2519656d-nna-NakhonPhanom2-m-mt.jpg 2a588b34-hsr-HuaSamrong-sm-1-dbsb.jpg 34c2ad3e-bub-BuengKan2-m-h.jpg 39c50475-mkb-Mahasarakham2-m-mt.jpg 3c486426-klb-Kalasin2-m-h.jpg 3e9b689f-nea-NamYuen-m-h.jpg 425b29f9-kuk-KhuKhan-m-mt.jpg 49495b18-lcc-LeamChabang3-m-dbsb.jpg 4cd875f9-kpo-KoPho-m-mt.jpg 4d860933-nvm-NavaNakhon2-sm-dbsb.jpg 4f40cf58-mda-Mukdahan1-sm-mt.jpg 506b3dc8-kwc-KhlongKhwang3-m-dbsb.jpg 50ea20ec-bbc-BanBueng3-m-h.jpg 55fe9113-mlk-MuakLek-sm-mt.jpg 590f9244-bva-BoThong-m-h.jpg 5a3fc565-cka-ChiangKhan-m-mt.jpg 5dd1a288-rsb-RangSitTai2-mt-dbsb.jpg 614ca369-lma-LakChaiMuangYang-sm-mt.jpg 63da3aa2-ubd-UbonRatchathani4-m-mt.jpg 66834636-kia-Kantharawichai-sm-h.jpg 6897a4f9-bnh-Bueng3-m-h.jpg 6c8b9587-sob-SakonNakhon2-m-h.jpg 7111c693-gua-KhlongNueng-sm-h.jpg 713f1d09-wra-WarinChamrap-m-mt.jpg 71c72868-nla-Nakhonluang-m-mt.jpg 7546636e-bja-BanChang-m-mt.jpg 77d25d71-srg-Saraburi7-m-mt.jpg 80cb2cb1-nkc-NongKai3-m-h.jpg 8907a55f-noy-NongYai-m-mt.jpg 92483dd4-scb-SiRacha2-m-mt.jpg a708d842-svn-Suvarnabhumi-sm-h.jpg b46454b6-llm-LamLukKa3-m-h.jpg b74c3520-wcn-WangChan-m-mt.jpg b7b901e0-aca-AmataCity1-sm-mt.jpg be5b4069-bwa-BangWua1-sm-mt.jpg be6c93cc-nkp-NikhomPhatthana-m-mt.jpg bfc1b84e-ssk-SiSongkhram-m-mt.jpg c011212e-bsm-BangSamak1-sm-dbsb.jpg c0ea8640-ctb-Chanthaburi2-m-h.jpg c2b80ec9-kni-KhuengNai-m-h.jpg c9098ddd-pnr-PongNamRon-sm-mt.jpg c9c4f0b3-hsr-HuaSamrong-sm-2-dbsb.jpg cd51a7c9-pyw-PattayaTai3-m-dbsb.jpg d130b227-bbd-BanBueng4-m-h.jpg d1a1be5d-wia-WihanDaeng-m-mt.jpg ddc43c4b-wda-SawangDaenDin-m-h.jpg de1283de-xda-SoiDao-m-h.jpg e2d73ab2-sel-Selaphum-m-h.jpg e754dcff-kkc-KhonKaen3-m-mt.jpg ebff9502-kke-KhonKaen5-m-mt.jpg fc766199-kmk-KhaoMaiKaeo-m-mt.jpg ff930de2-xia-SoPhisai-m-h.jpg
22_vt_3p,140,63,TRUE, 02b65651-dea-DetUdom-m-mt.jpg 07f7ff81-atc-AngThong3-m-h.jpg 0b32b1c9-rco-Rotchana2-m-mt.jpg 13e37597-fya-PlaengYao-m-h.jpg 187e2f10-ude-UdonThani5-m-dbsb.jpg 1939da14-kts-Kantharalak2-m-h.jpg 1a595406-mna-PhibunMangsahan-m-h.jpg 1bef809f-pha-PhanomSarakham-sm-mt.jpg 1d01bf62-wam-WangMuang-m-mt.jpg 21ab6afd-ube-UbonRatchathani5-sm-h.jpg 24e49320-zta-Buntharik-m-h.jpg 2519656d-nna-NakhonPhanom2-m-mt.jpg 2a588b34-hsr-HuaSamrong-sm-1-dbsb.jpg 34c2ad3e-bub-BuengKan2-m-h.jpg 39c50475-mkb-Mahasarakham2-m-mt.jpg 3c486426-klb-Kalasin2-m-h.jpg 3e9b689f-nea-NamYuen-m-h.jpg 425b29f9-kuk-KhuKhan-m-mt.jpg 49495b18-lcc-LeamChabang3-m-dbsb.jpg 4cd875f9-kpo-KoPho-m-mt.jpg 4d860933-nvm-NavaNakhon2-sm-dbsb.jpg 4f40cf58-mda-Mukdahan1-sm-mt.jpg 506b3dc8-kwc-KhlongKhwang3-m-dbsb.jpg 50ea20ec-bbc-BanBueng3-m-h.jpg 55fe9113-mlk-MuakLek-sm-mt.jpg 590f9244-bva-BoThong-m-h.jpg 5a3fc565-cka-ChiangKhan-m-mt.jpg 5dd1a288-rsb-RangSitTai2-mt-dbsb.jpg 614ca369-lma-LakChaiMuangYang-sm-mt.jpg 63da3aa2-ubd-UbonRatchathani4-m-mt.jpg 66834636-kia-Kantharawichai-sm-h.jpg 6897a4f9-bnh-Bueng3-m-h.jpg 6c8b9587-sob-SakonNakhon2-m-h.jpg 7111c693-gua-KhlongNueng-sm-h.jpg 713f1d09-wra-WarinChamrap-m-mt.jpg 71c72868-nla-Nakhonluang-m-mt.jpg 7546636e-bja-BanChang-m-mt.jpg 77d25d71-srg-Saraburi7-m-mt.jpg 80cb2cb1-nkc-NongKai3-m-h.jpg 8907a55f-noy-NongYai-m-mt.jpg 92483dd4-scb-SiRacha2-m-mt.jpg a708d842-svn-Suvarnabhumi-sm-h.jpg b46454b6-llm-LamLukKa3-m-h.jpg b74c3520-wcn-WangChan-m-mt.jpg b7b901e0-aca-AmataCity1-sm-mt.jpg be5b4069-bwa-BangWua1-sm-mt.jpg be6c93cc-nkp-NikhomPhatthana-m-mt.jpg bfc1b84e-ssk-SiSongkhram-m-mt.jpg c011212e-bsm-BangSamak1-sm-dbsb.jpg c0ea8640-ctb-Chanthaburi2-m-h.jpg c2b80ec9-kni-KhuengNai-m-h.jpg c9098ddd-pnr-PongNamRon-sm-mt.jpg c9c4f0b3-hsr-HuaSamrong-sm-2-dbsb.jpg cd51a7c9-pyw-PattayaTai3-m-dbsb.jpg d130b227-bbd-BanBueng4-m-h.jpg d1a1be5d-wia-WihanDaeng-m-mt.jpg ddc43c4b-wda-SawangDaenDin-m-h.jpg de1283de-xda-SoiDao-m-h.jpg e2d73ab2-sel-Selaphum-m-h.jpg e754dcff-kkc-KhonKaen3-m-mt.jpg ebff9502-kke-KhonKaen5-m-mt.jpg fc766199-kmk-KhaoMaiKaeo-m-mt.jpg ff930de2-xia-SoPhisai-m-h.jpg
BCU,7,2,TRUE, 55fe9113-mlk-MuakLek-sm-mt.jpg bfc1b84e-ssk-SiSongkhram-m-mt.jpg
DIM,271,26,TRUE, 02b65651-dea-DetUdom-m-mt.jpg 0b32b1c9-rco-Rotchana2-m-mt.jpg 1d01bf62-wam-WangMuang-m-mt.jpg 31261d31-pab-PrachinBuri2-m-bh.jpg 3e9b689f-nea-NamYuen-m-h.jpg 425b29f9-kuk-KhuKhan-m-mt.jpg 4cd875f9-kpo-KoPho-m-mt.jpg 50ea20ec-bbc-BanBueng3-m-h.jpg 5a3fc565-cka-ChiangKhan-m-mt.jpg 5dd1a288-rsb-RangSitTai2-mt-dbsb.jpg 6c8b9587-sob-SakonNakhon2-m-h.jpg 713f1d09-wra-WarinChamrap-m-mt.jpg 71c72868-nla-Nakhonluang-m-mt.jpg 7546636e-bja-BanChang-m-mt.jpg 8907a55f-noy-NongYai-m-mt.jpg b74c3520-wcn-WangChan-m-mt.jpg b7b901e0-aca-AmataCity1-sm-mt.jpg be6c93cc-nkp-NikhomPhatthana-m-mt.jpg bfc1b84e-ssk-SiSongkhram-m-mt.jpg c2b80ec9-kni-KhuengNai-m-h.jpg c9098ddd-pnr-PongNamRon-sm-mt.jpg d1a1be5d-wia-WihanDaeng-m-mt.jpg e2d73ab2-sel-Selaphum-m-h.jpg e754dcff-kkc-KhonKaen3-m-mt.jpg e8589e46-ply-PluakDaeng5-sm-bh.jpg ebff9502-kke-KhonKaen5-m-mt.jpg
DPM,526,74,TRUE, 02b65651-dea-DetUdom-m-mt.jpg 07f7ff81-atc-AngThong3-m-h.jpg 0b32b1c9-rco-Rotchana2-m-mt.jpg 13e37597-fya-PlaengYao-m-h.jpg 187e2f10-ude-UdonThani5-m-dbsb.jpg 1939da14-kts-Kantharalak2-m-h.jpg 1a0018b7-kbm-KabinBuri5-m-bh.jpg 1a595406-mna-PhibunMangsahan-m-h.jpg 1bef809f-pha-PhanomSarakham-sm-mt.jpg 1d01bf62-wam-WangMuang-m-mt.jpg 21ab6afd-ube-UbonRatchathani5-sm-h.jpg 24e49320-zta-Buntharik-m-h.jpg 2519656d-nna-NakhonPhanom2-m-mt.jpg 2a588b34-hsr-HuaSamrong-sm-1-dbsb.jpg 31261d31-pab-PrachinBuri2-m-bh.jpg 34c2ad3e-bub-BuengKan2-m-h.jpg 39c50475-mkb-Mahasarakham2-m-mt.jpg 3c486426-klb-Kalasin2-m-h.jpg 3e9b689f-nea-NamYuen-m-h.jpg 425b29f9-kuk-KhuKhan-m-mt.jpg 49495b18-lcc-LeamChabang3-m-dbsb.jpg 4cd875f9-kpo-KoPho-m-mt.jpg 4d860933-nvm-NavaNakhon2-sm-dbsb.jpg 4f40cf58-mda-Mukdahan1-sm-mt.jpg 506b3dc8-kwc-KhlongKhwang3-m-dbsb.jpg 50ea20ec-bbc-BanBueng3-m-h.jpg 51b30630-bba-BanBueng1-sm-2-dbsb.jpg 55fe9113-mlk-MuakLek-sm-mt.jpg 590f9244-bva-BoThong-m-h.jpg 5a3fc565-cka-ChiangKhan-m-mt.jpg 5dd1a288-rsb-RangSitTai2-mt-dbsb.jpg 614ca369-lma-LakChaiMuangYang-sm-mt.jpg 63da3aa2-ubd-UbonRatchathani4-m-mt.jpg 66834636-kia-Kantharawichai-sm-h.jpg 6897a4f9-bnh-Bueng3-m-h.jpg 6c8b9587-sob-SakonNakhon2-m-h.jpg 7111c693-gua-KhlongNueng-sm-h.jpg 713f1d09-wra-WarinChamrap-m-mt.jpg 71c72868-nla-Nakhonluang-m-mt.jpg 7546636e-bja-BanChang-m-mt.jpg 77d25d71-srg-Saraburi7-m-mt.jpg 80cb2cb1-nkc-NongKai3-m-h.jpg 818f31e5-nna-NakhonPhanom1-m-h.jpg 8907a55f-noy-NongYai-m-mt.jpg 92483dd4-scb-SiRacha2-m-mt.jpg a708d842-svn-Suvarnabhumi-sm-h.jpg b46454b6-llm-LamLukKa3-m-h.jpg b74c3520-wcn-WangChan-m-mt.jpg b7b901e0-aca-AmataCity1-sm-mt.jpg b818c20b-bib-BangPaIn2-sm-1-dbsb.jpg bb02702d-bba-BanBueng1-sm-1-dbsb.jpg be5b4069-bwa-BangWua1-sm-mt.jpg be6c93cc-nkp-NikhomPhatthana-m-mt.jpg bfc1b84e-ssk-SiSongkhram-m-mt.jpg c011212e-bsm-BangSamak1-sm-dbsb.jpg c0ea8640-ctb-Chanthaburi2-m-h.jpg c2b80ec9-kni-KhuengNai-m-h.jpg c9098ddd-pnr-PongNamRon-sm-mt.jpg c9c4f0b3-hsr-HuaSamrong-sm-2-dbsb.jpg cb98c237-ubc-UbonRatchathani3-m-bh.jpg cd51a7c9-pyw-PattayaTai3-m-dbsb.jpg ce22fb62-bib-BangPaIn2-sm-2-dbsb.jpg d130b227-bbd-BanBueng4-m-h.jpg d1a1be5d-wia-WihanDaeng-m-mt.jpg ddc43c4b-wda-SawangDaenDin-m-h.jpg de1283de-xda-SoiDao-m-h.jpg e1f3ef84-apb-AoPhai2-sm-2-dbsb.jpg e2d73ab2-sel-Selaphum-m-h.jpg e754dcff-kkc-KhonKaen3-m-mt.jpg e8589e46-ply-PluakDaeng5-sm-bh.jpg ebff9502-kke-KhonKaen5-m-mt.jpg f21477da-apb-AoPhai2-sm-1-dbsb.jpg fc766199-kmk-KhaoMaiKaeo-m-mt.jpg ff930de2-xia-SoPhisai-m-h.jpg
LL,479,74,TRUE, 02b65651-dea-DetUdom-m-mt.jpg 07f7ff81-atc-AngThong3-m-h.jpg 0b32b1c9-rco-Rotchana2-m-mt.jpg 13e37597-fya-PlaengYao-m-h.jpg 187e2f10-ude-UdonThani5-m-dbsb.jpg 1939da14-kts-Kantharalak2-m-h.jpg 1a0018b7-kbm-KabinBuri5-m-bh.jpg 1a595406-mna-PhibunMangsahan-m-h.jpg 1bef809f-pha-PhanomSarakham-sm-mt.jpg 1d01bf62-wam-WangMuang-m-mt.jpg 21ab6afd-ube-UbonRatchathani5-sm-h.jpg 24e49320-zta-Buntharik-m-h.jpg 2519656d-nna-NakhonPhanom2-m-mt.jpg 2a588b34-hsr-HuaSamrong-sm-1-dbsb.jpg 31261d31-pab-PrachinBuri2-m-bh.jpg 34c2ad3e-bub-BuengKan2-m-h.jpg 39c50475-mkb-Mahasarakham2-m-mt.jpg 3c486426-klb-Kalasin2-m-h.jpg 3e9b689f-nea-NamYuen-m-h.jpg 425b29f9-kuk-KhuKhan-m-mt.jpg 49495b18-lcc-LeamChabang3-m-dbsb.jpg 4cd875f9-kpo-KoPho-m-mt.jpg 4d860933-nvm-NavaNakhon2-sm-dbsb.jpg 4f40cf58-mda-Mukdahan1-sm-mt.jpg 506b3dc8-kwc-KhlongKhwang3-m-dbsb.jpg 50ea20ec-bbc-BanBueng3-m-h.jpg 51b30630-bba-BanBueng1-sm-2-dbsb.jpg 55fe9113-mlk-MuakLek-sm-mt.jpg 590f9244-bva-BoThong-m-h.jpg 5a3fc565-cka-ChiangKhan-m-mt.jpg 5dd1a288-rsb-RangSitTai2-mt-dbsb.jpg 614ca369-lma-LakChaiMuangYang-sm-mt.jpg 63da3aa2-ubd-UbonRatchathani4-m-mt.jpg 66834636-kia-Kantharawichai-sm-h.jpg 6897a4f9-bnh-Bueng3-m-h.jpg 6c8b9587-sob-SakonNakhon2-m-h.jpg 7111c693-gua-KhlongNueng-sm-h.jpg 713f1d09-wra-WarinChamrap-m-mt.jpg 71c72868-nla-Nakhonluang-m-mt.jpg 7546636e-bja-BanChang-m-mt.jpg 77d25d71-srg-Saraburi7-m-mt.jpg 80cb2cb1-nkc-NongKai3-m-h.jpg 818f31e5-nna-NakhonPhanom1-m-h.jpg 8907a55f-noy-NongYai-m-mt.jpg 92483dd4-scb-SiRacha2-m-mt.jpg a708d842-svn-Suvarnabhumi-sm-h.jpg b46454b6-llm-LamLukKa3-m-h.jpg b74c3520-wcn-WangChan-m-mt.jpg b7b901e0-aca-AmataCity1-sm-mt.jpg b818c20b-bib-BangPaIn2-sm-1-dbsb.jpg bb02702d-bba-BanBueng1-sm-1-dbsb.jpg be5b4069-bwa-BangWua1-sm-mt.jpg be6c93cc-nkp-NikhomPhatthana-m-mt.jpg bfc1b84e-ssk-SiSongkhram-m-mt.jpg c011212e-bsm-BangSamak1-sm-dbsb.jpg c0ea8640-ctb-Chanthaburi2-m-h.jpg c2b80ec9-kni-KhuengNai-m-h.jpg c9098ddd-pnr-PongNamRon-sm-mt.jpg c9c4f0b3-hsr-HuaSamrong-sm-2-dbsb.jpg cb98c237-ubc-UbonRatchathani3-m-bh.jpg cd51a7c9-pyw-PattayaTai3-m-dbsb.jpg ce22fb62-bib-BangPaIn2-sm-2-dbsb.jpg d130b227-bbd-BanBueng4-m-h.jpg d1a1be5d-wia-WihanDaeng-m-mt.jpg ddc43c4b-wda-SawangDaenDin-m-h.jpg de1283de-xda-SoiDao-m-h.jpg e1f3ef84-apb-AoPhai2-sm-2-dbsb.jpg e2d73ab2-sel-Selaphum-m-h.jpg e754dcff-kkc-KhonKaen3-m-mt.jpg e8589e46-ply-PluakDaeng5-sm-bh.jpg ebff9502-kke-KhonKaen5-m-mt.jpg f21477da-apb-AoPhai2-sm-1-dbsb.jpg fc766199-kmk-KhaoMaiKaeo-m-mt.jpg ff930de2-xia-SoPhisai-m-h.jpg
MU,31,2,TRUE, 07f7ff81-atc-AngThong3-m-h.jpg 187e2f10-ude-UdonThani5-m-dbsb.jpg
NGR_future,103,61,TRUE, 02b65651-dea-DetUdom-m-mt.jpg 07f7ff81-atc-AngThong3-m-h.jpg 0b32b1c9-rco-Rotchana2-m-mt.jpg 13e37597-fya-PlaengYao-m-h.jpg 187e2f10-ude-UdonThani5-m-dbsb.jpg 1939da14-kts-Kantharalak2-m-h.jpg 1a595406-mna-PhibunMangsahan-m-h.jpg 1bef809f-pha-PhanomSarakham-sm-mt.jpg 1d01bf62-wam-WangMuang-m-mt.jpg 21ab6afd-ube-UbonRatchathani5-sm-h.jpg 24e49320-zta-Buntharik-m-h.jpg 2519656d-nna-NakhonPhanom2-m-mt.jpg 2a588b34-hsr-HuaSamrong-sm-1-dbsb.jpg 34c2ad3e-bub-BuengKan2-m-h.jpg 39c50475-mkb-Mahasarakham2-m-mt.jpg 3c486426-klb-Kalasin2-m-h.jpg 3e9b689f-nea-NamYuen-m-h.jpg 425b29f9-kuk-KhuKhan-m-mt.jpg 49495b18-lcc-LeamChabang3-m-dbsb.jpg 4cd875f9-kpo-KoPho-m-mt.jpg 4d860933-nvm-NavaNakhon2-sm-dbsb.jpg 506b3dc8-kwc-KhlongKhwang3-m-dbsb.jpg 50ea20ec-bbc-BanBueng3-m-h.jpg 55fe9113-mlk-MuakLek-sm-mt.jpg 590f9244-bva-BoThong-m-h.jpg 5a3fc565-cka-ChiangKhan-m-mt.jpg 5dd1a288-rsb-RangSitTai2-mt-dbsb.jpg 614ca369-lma-LakChaiMuangYang-sm-mt.jpg 63da3aa2-ubd-UbonRatchathani4-m-mt.jpg 66834636-kia-Kantharawichai-sm-h.jpg 6897a4f9-bnh-Bueng3-m-h.jpg 6c8b9587-sob-SakonNakhon2-m-h.jpg 7111c693-gua-KhlongNueng-sm-h.jpg 713f1d09-wra-WarinChamrap-m-mt.jpg 71c72868-nla-Nakhonluang-m-mt.jpg 7546636e-bja-BanChang-m-mt.jpg 77d25d71-srg-Saraburi7-m-mt.jpg 80cb2cb1-nkc-NongKai3-m-h.jpg 8907a55f-noy-NongYai-m-mt.jpg 92483dd4-scb-SiRacha2-m-mt.jpg a708d842-svn-Suvarnabhumi-sm-h.jpg b46454b6-llm-LamLukKa3-m-h.jpg b74c3520-wcn-WangChan-m-mt.jpg b7b901e0-aca-AmataCity1-sm-mt.jpg be5b4069-bwa-BangWua1-sm-mt.jpg be6c93cc-nkp-NikhomPhatthana-m-mt.jpg bfc1b84e-ssk-SiSongkhram-m-mt.jpg c011212e-bsm-BangSamak1-sm-dbsb.jpg c0ea8640-ctb-Chanthaburi2-m-h.jpg c2b80ec9-kni-KhuengNai-m-h.jpg c9098ddd-pnr-PongNamRon-sm-mt.jpg cd51a7c9-pyw-PattayaTai3-m-dbsb.jpg d130b227-bbd-BanBueng4-m-h.jpg d1a1be5d-wia-WihanDaeng-m-mt.jpg ddc43c4b-wda-SawangDaenDin-m-h.jpg de1283de-xda-SoiDao-m-h.jpg e2d73ab2-sel-Selaphum-m-h.jpg e754dcff-kkc-KhonKaen3-m-mt.jpg ebff9502-kke-KhonKaen5-m-mt.jpg fc766199-kmk-KhaoMaiKaeo-m-mt.jpg ff930de2-xia-SoPhisai-m-h.jpg
Q,123,62,TRUE, 02b65651-dea-DetUdom-m-mt.jpg 07f7ff81-atc-AngThong3-m-h.jpg 0b32b1c9-rco-Rotchana2-m-mt.jpg 13e37597-fya-PlaengYao-m-h.jpg 187e2f10-ude-UdonThani5-m-dbsb.jpg 1939da14-kts-Kantharalak2-m-h.jpg 1a595406-mna-PhibunMangsahan-m-h.jpg 1bef809f-pha-PhanomSarakham-sm-mt.jpg 1d01bf62-wam-WangMuang-m-mt.jpg 21ab6afd-ube-UbonRatchathani5-sm-h.jpg 24e49320-zta-Buntharik-m-h.jpg 2519656d-nna-NakhonPhanom2-m-mt.jpg 2a588b34-hsr-HuaSamrong-sm-1-dbsb.jpg 34c2ad3e-bub-BuengKan2-m-h.jpg 39c50475-mkb-Mahasarakham2-m-mt.jpg 3c486426-klb-Kalasin2-m-h.jpg 3e9b689f-nea-NamYuen-m-h.jpg 425b29f9-kuk-KhuKhan-m-mt.jpg 49495b18-lcc-LeamChabang3-m-dbsb.jpg 4cd875f9-kpo-KoPho-m-mt.jpg 4d860933-nvm-NavaNakhon2-sm-dbsb.jpg 4f40cf58-mda-Mukdahan1-sm-mt.jpg 506b3dc8-kwc-KhlongKhwang3-m-dbsb.jpg 50ea20ec-bbc-BanBueng3-m-h.jpg 55fe9113-mlk-MuakLek-sm-mt.jpg 590f9244-bva-BoThong-m-h.jpg 5a3fc565-cka-ChiangKhan-m-mt.jpg 5dd1a288-rsb-RangSitTai2-mt-dbsb.jpg 614ca369-lma-LakChaiMuangYang-sm-mt.jpg 63da3aa2-ubd-UbonRatchathani4-m-mt.jpg 66834636-kia-Kantharawichai-sm-h.jpg 6897a4f9-bnh-Bueng3-m-h.jpg 6c8b9587-sob-SakonNakhon2-m-h.jpg 7111c693-gua-KhlongNueng-sm-h.jpg 713f1d09-wra-WarinChamrap-m-mt.jpg 71c72868-nla-Nakhonluang-m-mt.jpg 7546636e-bja-BanChang-m-mt.jpg 77d25d71-srg-Saraburi7-m-mt.jpg 80cb2cb1-nkc-NongKai3-m-h.jpg 8907a55f-noy-NongYai-m-mt.jpg 92483dd4-scb-SiRacha2-m-mt.jpg a708d842-svn-Suvarnabhumi-sm-h.jpg b46454b6-llm-LamLukKa3-m-h.jpg b74c3520-wcn-WangChan-m-mt.jpg b7b901e0-aca-AmataCity1-sm-mt.jpg be5b4069-bwa-BangWua1-sm-mt.jpg be6c93cc-nkp-NikhomPhatthana-m-mt.jpg bfc1b84e-ssk-SiSongkhram-m-mt.jpg c011212e-bsm-BangSamak1-sm-dbsb.jpg c0ea8640-ctb-Chanthaburi2-m-h.jpg c2b80ec9-kni-KhuengNai-m-h.jpg c9098ddd-pnr-PongNamRon-sm-mt.jpg c9c4f0b3-hsr-HuaSamrong-sm-2-dbsb.jpg cd51a7c9-pyw-PattayaTai3-m-dbsb.jpg d130b227-bbd-BanBueng4-m-h.jpg d1a1be5d-wia-WihanDaeng-m-mt.jpg ddc43c4b-wda-SawangDaenDin-m-h.jpg de1283de-xda-SoiDao-m-h.jpg e754dcff-kkc-KhonKaen3-m-mt.jpg ebff9502-kke-KhonKaen5-m-mt.jpg fc766199-kmk-KhaoMaiKaeo-m-mt.jpg ff930de2-xia-SoPhisai-m-h.jpg
remote_io_module,15,10,TRUE, 1a0018b7-kbm-KabinBuri5-m-bh.jpg 51b30630-bba-BanBueng1-sm-2-dbsb.jpg 818f31e5-nna-NakhonPhanom1-m-h.jpg b818c20b-bib-BangPaIn2-sm-1-dbsb.jpg bb02702d-bba-BanBueng1-sm-1-dbsb.jpg cb98c237-ubc-UbonRatchathani3-m-bh.jpg ce22fb62-bib-BangPaIn2-sm-2-dbsb.jpg e1f3ef84-apb-AoPhai2-sm-2-dbsb.jpg e8589e46-ply-PluakDaeng5-sm-bh.jpg f21477da-apb-AoPhai2-sm-1-dbsb.jpg
ss_man_mode,156,54,TRUE, 02b65651-dea-DetUdom-m-mt.jpg 07f7ff81-atc-AngThong3-m-h.jpg 0b32b1c9-rco-Rotchana2-m-mt.jpg 13e37597-fya-PlaengYao-m-h.jpg 187e2f10-ude-UdonThani5-m-dbsb.jpg 1939da14-kts-Kantharalak2-m-h.jpg 1a0018b7-kbm-KabinBuri5-m-bh.jpg 1a595406-mna-PhibunMangsahan-m-h.jpg 1d01bf62-wam-WangMuang-m-mt.jpg 24e49320-zta-Buntharik-m-h.jpg 2519656d-nna-NakhonPhanom2-m-mt.jpg 31261d31-pab-PrachinBuri2-m-bh.jpg 34c2ad3e-bub-BuengKan2-m-h.jpg 39c50475-mkb-Mahasarakham2-m-mt.jpg 3c486426-klb-Kalasin2-m-h.jpg 3e9b689f-nea-NamYuen-m-h.jpg 425b29f9-kuk-KhuKhan-m-mt.jpg 49495b18-lcc-LeamChabang3-m-dbsb.jpg 4cd875f9-kpo-KoPho-m-mt.jpg 506b3dc8-kwc-KhlongKhwang3-m-dbsb.jpg 50ea20ec-bbc-BanBueng3-m-h.jpg 51b30630-bba-BanBueng1-sm-2-dbsb.jpg 590f9244-bva-BoThong-m-h.jpg 5dd1a288-rsb-RangSitTai2-mt-dbsb.jpg 63da3aa2-ubd-UbonRatchathani4-m-mt.jpg 6897a4f9-bnh-Bueng3-m-h.jpg 6c8b9587-sob-SakonNakhon2-m-h.jpg 71c72868-nla-Nakhonluang-m-mt.jpg 7546636e-bja-BanChang-m-mt.jpg 77d25d71-srg-Saraburi7-m-mt.jpg 80cb2cb1-nkc-NongKai3-m-h.jpg 818f31e5-nna-NakhonPhanom1-m-h.jpg 8907a55f-noy-NongYai-m-mt.jpg 92483dd4-scb-SiRacha2-m-mt.jpg b46454b6-llm-LamLukKa3-m-h.jpg b74c3520-wcn-WangChan-m-mt.jpg b7b901e0-aca-AmataCity1-sm-mt.jpg bb02702d-bba-BanBueng1-sm-1-dbsb.jpg be6c93cc-nkp-NikhomPhatthana-m-mt.jpg bfc1b84e-ssk-SiSongkhram-m-mt.jpg c0ea8640-ctb-Chanthaburi2-m-h.jpg c9098ddd-pnr-PongNamRon-sm-mt.jpg cb98c237-ubc-UbonRatchathani3-m-bh.jpg cd51a7c9-pyw-PattayaTai3-m-dbsb.jpg d130b227-bbd-BanBueng4-m-h.jpg d1a1be5d-wia-WihanDaeng-m-mt.jpg ddc43c4b-wda-SawangDaenDin-m-h.jpg de1283de-xda-SoiDao-m-h.jpg e2d73ab2-sel-Selaphum-m-h.jpg e754dcff-kkc-KhonKaen3-m-mt.jpg e8589e46-ply-PluakDaeng5-sm-bh.jpg ebff9502-kke-KhonKaen5-m-mt.jpg fc766199-kmk-KhaoMaiKaeo-m-mt.jpg ff930de2-xia-SoPhisai-m-h.jpg
tele_protection,30,15,TRUE, 1bef809f-pha-PhanomSarakham-sm-mt.jpg 31261d31-pab-PrachinBuri2-m-bh.jpg 49495b18-lcc-LeamChabang3-m-dbsb.jpg 4d860933-nvm-NavaNakhon2-sm-dbsb.jpg 506b3dc8-kwc-KhlongKhwang3-m-dbsb.jpg 55fe9113-mlk-MuakLek-sm-mt.jpg 7111c693-gua-KhlongNueng-sm-h.jpg 818f31e5-nna-NakhonPhanom1-m-h.jpg b7b901e0-aca-AmataCity1-sm-mt.jpg b818c20b-bib-BangPaIn2-sm-1-dbsb.jpg be6c93cc-nkp-NikhomPhatthana-m-mt.jpg ce22fb62-bib-BangPaIn2-sm-2-dbsb.jpg e1f3ef84-apb-AoPhai2-sm-2-dbsb.jpg e754dcff-kkc-KhonKaen3-m-mt.jpg f21477da-apb-AoPhai2-sm-1-dbsb.jpg
terminator_double,350,69,TRUE, 02b65651-dea-DetUdom-m-mt.jpg 07f7ff81-atc-AngThong3-m-h.jpg 0b32b1c9-rco-Rotchana2-m-mt.jpg 13e37597-fya-PlaengYao-m-h.jpg 187e2f10-ude-UdonThani5-m-dbsb.jpg 1939da14-kts-Kantharalak2-m-h.jpg 1a595406-mna-PhibunMangsahan-m-h.jpg 1bef809f-pha-PhanomSarakham-sm-mt.jpg 1d01bf62-wam-WangMuang-m-mt.jpg 21ab6afd-ube-UbonRatchathani5-sm-h.jpg 24e49320-zta-Buntharik-m-h.jpg 2519656d-nna-NakhonPhanom2-m-mt.jpg 2a588b34-hsr-HuaSamrong-sm-1-dbsb.jpg 34c2ad3e-bub-BuengKan2-m-h.jpg 39c50475-mkb-Mahasarakham2-m-mt.jpg 3c486426-klb-Kalasin2-m-h.jpg 3e9b689f-nea-NamYuen-m-h.jpg 425b29f9-kuk-KhuKhan-m-mt.jpg 49495b18-lcc-LeamChabang3-m-dbsb.jpg 4cd875f9-kpo-KoPho-m-mt.jpg 4d860933-nvm-NavaNakhon2-sm-dbsb.jpg 4f40cf58-mda-Mukdahan1-sm-mt.jpg 506b3dc8-kwc-KhlongKhwang3-m-dbsb.jpg 50ea20ec-bbc-BanBueng3-m-h.jpg 51b30630-bba-BanBueng1-sm-2-dbsb.jpg 55fe9113-mlk-MuakLek-sm-mt.jpg 590f9244-bva-BoThong-m-h.jpg 5a3fc565-cka-ChiangKhan-m-mt.jpg 5dd1a288-rsb-RangSitTai2-mt-dbsb.jpg 614ca369-lma-LakChaiMuangYang-sm-mt.jpg 63da3aa2-ubd-UbonRatchathani4-m-mt.jpg 66834636-kia-Kantharawichai-sm-h.jpg 6897a4f9-bnh-Bueng3-m-h.jpg 6c8b9587-sob-SakonNakhon2-m-h.jpg 7111c693-gua-KhlongNueng-sm-h.jpg 713f1d09-wra-WarinChamrap-m-mt.jpg 71c72868-nla-Nakhonluang-m-mt.jpg 7546636e-bja-BanChang-m-mt.jpg 77d25d71-srg-Saraburi7-m-mt.jpg 80cb2cb1-nkc-NongKai3-m-h.jpg 8907a55f-noy-NongYai-m-mt.jpg 92483dd4-scb-SiRacha2-m-mt.jpg a708d842-svn-Suvarnabhumi-sm-h.jpg b46454b6-llm-LamLukKa3-m-h.jpg b74c3520-wcn-WangChan-m-mt.jpg b7b901e0-aca-AmataCity1-sm-mt.jpg b818c20b-bib-BangPaIn2-sm-1-dbsb.jpg bb02702d-bba-BanBueng1-sm-1-dbsb.jpg be5b4069-bwa-BangWua1-sm-mt.jpg be6c93cc-nkp-NikhomPhatthana-m-mt.jpg bfc1b84e-ssk-SiSongkhram-m-mt.jpg c011212e-bsm-BangSamak1-sm-dbsb.jpg c0ea8640-ctb-Chanthaburi2-m-h.jpg c2b80ec9-kni-KhuengNai-m-h.jpg c9098ddd-pnr-PongNamRon-sm-mt.jpg c9c4f0b3-hsr-HuaSamrong-sm-2-dbsb.jpg cd51a7c9-pyw-PattayaTai3-m-dbsb.jpg ce22fb62-bib-BangPaIn2-sm-2-dbsb.jpg d130b227-bbd-BanBueng4-m-h.jpg d1a1be5d-wia-WihanDaeng-m-mt.jpg ddc43c4b-wda-SawangDaenDin-m-h.jpg de1283de-xda-SoiDao-m-h.jpg e1f3ef84-apb-AoPhai2-sm-2-dbsb.jpg e2d73ab2-sel-Selaphum-m-h.jpg e754dcff-kkc-KhonKaen3-m-mt.jpg ebff9502-kke-KhonKaen5-m-mt.jpg f21477da-apb-AoPhai2-sm-1-dbsb.jpg fc766199-kmk-KhaoMaiKaeo-m-mt.jpg ff930de2-xia-SoPhisai-m-h.jpg
terminator_single,961,63,TRUE, 02b65651-dea-DetUdom-m-mt.jpg 07f7ff81-atc-AngThong3-m-h.jpg 0b32b1c9-rco-Rotchana2-m-mt.jpg 13e37597-fya-PlaengYao-m-h.jpg 187e2f10-ude-UdonThani5-m-dbsb.jpg 1939da14-kts-Kantharalak2-m-h.jpg 1a595406-mna-PhibunMangsahan-m-h.jpg 1bef809f-pha-PhanomSarakham-sm-mt.jpg 1d01bf62-wam-WangMuang-m-mt.jpg 21ab6afd-ube-UbonRatchathani5-sm-h.jpg 24e49320-zta-Buntharik-m-h.jpg 2519656d-nna-NakhonPhanom2-m-mt.jpg 2a588b34-hsr-HuaSamrong-sm-1-dbsb.jpg 34c2ad3e-bub-BuengKan2-m-h.jpg 39c50475-mkb-Mahasarakham2-m-mt.jpg 3c486426-klb-Kalasin2-m-h.jpg 3e9b689f-nea-NamYuen-m-h.jpg 425b29f9-kuk-KhuKhan-m-mt.jpg 49495b18-lcc-LeamChabang3-m-dbsb.jpg 4cd875f9-kpo-KoPho-m-mt.jpg 4d860933-nvm-NavaNakhon2-sm-dbsb.jpg 4f40cf58-mda-Mukdahan1-sm-mt.jpg 506b3dc8-kwc-KhlongKhwang3-m-dbsb.jpg 50ea20ec-bbc-BanBueng3-m-h.jpg 55fe9113-mlk-MuakLek-sm-mt.jpg 590f9244-bva-BoThong-m-h.jpg 5a3fc565-cka-ChiangKhan-m-mt.jpg 5dd1a288-rsb-RangSitTai2-mt-dbsb.jpg 614ca369-lma-LakChaiMuangYang-sm-mt.jpg 63da3aa2-ubd-UbonRatchathani4-m-mt.jpg 66834636-kia-Kantharawichai-sm-h.jpg 6897a4f9-bnh-Bueng3-m-h.jpg 6c8b9587-sob-SakonNakhon2-m-h.jpg 7111c693-gua-KhlongNueng-sm-h.jpg 713f1d09-wra-WarinChamrap-m-mt.jpg 71c72868-nla-Nakhonluang-m-mt.jpg 7546636e-bja-BanChang-m-mt.jpg 77d25d71-srg-Saraburi7-m-mt.jpg 80cb2cb1-nkc-NongKai3-m-h.jpg 8907a55f-noy-NongYai-m-mt.jpg 92483dd4-scb-SiRacha2-m-mt.jpg a708d842-svn-Suvarnabhumi-sm-h.jpg b46454b6-llm-LamLukKa3-m-h.jpg b74c3520-wcn-WangChan-m-mt.jpg b7b901e0-aca-AmataCity1-sm-mt.jpg be5b4069-bwa-BangWua1-sm-mt.jpg be6c93cc-nkp-NikhomPhatthana-m-mt.jpg bfc1b84e-ssk-SiSongkhram-m-mt.jpg c011212e-bsm-BangSamak1-sm-dbsb.jpg c0ea8640-ctb-Chanthaburi2-m-h.jpg c2b80ec9-kni-KhuengNai-m-h.jpg c9098ddd-pnr-PongNamRon-sm-mt.jpg c9c4f0b3-hsr-HuaSamrong-sm-2-dbsb.jpg cd51a7c9-pyw-PattayaTai3-m-dbsb.jpg d130b227-bbd-BanBueng4-m-h.jpg d1a1be5d-wia-WihanDaeng-m-mt.jpg ddc43c4b-wda-SawangDaenDin-m-h.jpg de1283de-xda-SoiDao-m-h.jpg e2d73ab2-sel-Selaphum-m-h.jpg e754dcff-kkc-KhonKaen3-m-mt.jpg ebff9502-kke-KhonKaen5-m-mt.jpg fc766199-kmk-KhaoMaiKaeo-m-mt.jpg ff930de2-xia-SoPhisai-m-h.jpg
terminator_splicing_kits,15,2,TRUE, 4f40cf58-mda-Mukdahan1-sm-mt.jpg
terminator_w_future,780,57,TRUE, 02b65651-dea-DetUdom-m-mt.jpg 07f7ff81-atc-AngThong3-m-h.jpg 13e37597-fya-PlaengYao-m-h.jpg 187e2f10-ude-UdonThani5-m-dbsb.jpg 1939da14-kts-Kantharalak2-m-h.jpg 1a595406-mna-PhibunMangsahan-m-h.jpg 1bef809f-pha-PhanomSarakham-sm-mt.jpg 1d01bf62-wam-WangMuang-m-mt.jpg 24e49320-zta-Buntharik-m-h.jpg 2519656d-nna-NakhonPhanom2-m-mt.jpg 2a588b34-hsr-HuaSamrong-sm-1-dbsb.jpg 34c2ad3e-bub-BuengKan2-m-h.jpg 39c50475-mkb-Mahasarakham2-m-mt.jpg 3c486426-klb-Kalasin2-m-h.jpg 3e9b689f-nea-NamYuen-m-h.jpg 425b29f9-kuk-KhuKhan-m-mt.jpg 4cd875f9-kpo-KoPho-m-mt.jpg 4d860933-nvm-NavaNakhon2-sm-dbsb.jpg 4f40cf58-mda-Mukdahan1-sm-mt.jpg 506b3dc8-kwc-KhlongKhwang3-m-dbsb.jpg 50ea20ec-bbc-BanBueng3-m-h.jpg 55fe9113-mlk-MuakLek-sm-mt.jpg 590f9244-bva-BoThong-m-h.jpg 5a3fc565-cka-ChiangKhan-m-mt.jpg 5dd1a288-rsb-RangSitTai2-mt-dbsb.jpg 614ca369-lma-LakChaiMuangYang-sm-mt.jpg 63da3aa2-ubd-UbonRatchathani4-m-mt.jpg 66834636-kia-Kantharawichai-sm-h.jpg 6897a4f9-bnh-Bueng3-m-h.jpg 6c8b9587-sob-SakonNakhon2-m-h.jpg 7111c693-gua-KhlongNueng-sm-h.jpg 713f1d09-wra-WarinChamrap-m-mt.jpg 71c72868-nla-Nakhonluang-m-mt.jpg 77d25d71-srg-Saraburi7-m-mt.jpg 80cb2cb1-nkc-NongKai3-m-h.jpg 8907a55f-noy-NongYai-m-mt.jpg 92483dd4-scb-SiRacha2-m-mt.jpg a708d842-svn-Suvarnabhumi-sm-h.jpg b46454b6-llm-LamLukKa3-m-h.jpg b7b901e0-aca-AmataCity1-sm-mt.jpg be5b4069-bwa-BangWua1-sm-mt.jpg c011212e-bsm-BangSamak1-sm-dbsb.jpg c0ea8640-ctb-Chanthaburi2-m-h.jpg c2b80ec9-kni-KhuengNai-m-h.jpg c9098ddd-pnr-PongNamRon-sm-mt.jpg c9c4f0b3-hsr-HuaSamrong-sm-2-dbsb.jpg cd51a7c9-pyw-PattayaTai3-m-dbsb.jpg d130b227-bbd-BanBueng4-m-h.jpg ddc43c4b-wda-SawangDaenDin-m-h.jpg de1283de-xda-SoiDao-m-h.jpg e2d73ab2-sel-Selaphum-m-h.jpg e754dcff-kkc-KhonKaen3-m-mt.jpg ebff9502-kke-KhonKaen5-m-mt.jpg fc766199-kmk-KhaoMaiKaeo-m-mt.jpg ff930de2-xia-SoPhisai-m-h.jpg
v_m,100,60,TRUE, 02b65651-dea-DetUdom-m-mt.jpg 07f7ff81-atc-AngThong3-m-h.jpg 0b32b1c9-rco-Rotchana2-m-mt.jpg 13e37597-fya-PlaengYao-m-h.jpg 187e2f10-ude-UdonThani5-m-dbsb.jpg 1939da14-kts-Kantharalak2-m-h.jpg 1a595406-mna-PhibunMangsahan-m-h.jpg 1bef809f-pha-PhanomSarakham-sm-mt.jpg 1d01bf62-wam-WangMuang-m-mt.jpg 21ab6afd-ube-UbonRatchathani5-sm-h.jpg 24e49320-zta-Buntharik-m-h.jpg 2519656d-nna-NakhonPhanom2-m-mt.jpg 2a588b34-hsr-HuaSamrong-sm-1-dbsb.jpg 34c2ad3e-bub-BuengKan2-m-h.jpg 39c50475-mkb-Mahasarakham2-m-mt.jpg 3c486426-klb-Kalasin2-m-h.jpg 3e9b689f-nea-NamYuen-m-h.jpg 425b29f9-kuk-KhuKhan-m-mt.jpg 49495b18-lcc-LeamChabang3-m-dbsb.jpg 4cd875f9-kpo-KoPho-m-mt.jpg 4d860933-nvm-NavaNakhon2-sm-dbsb.jpg 506b3dc8-kwc-KhlongKhwang3-m-dbsb.jpg 50ea20ec-bbc-BanBueng3-m-h.jpg 55fe9113-mlk-MuakLek-sm-mt.jpg 590f9244-bva-BoThong-m-h.jpg 5a3fc565-cka-ChiangKhan-m-mt.jpg 5dd1a288-rsb-RangSitTai2-mt-dbsb.jpg 614ca369-lma-LakChaiMuangYang-sm-mt.jpg 63da3aa2-ubd-UbonRatchathani4-m-mt.jpg 66834636-kia-Kantharawichai-sm-h.jpg 6897a4f9-bnh-Bueng3-m-h.jpg 6c8b9587-sob-SakonNakhon2-m-h.jpg 7111c693-gua-KhlongNueng-sm-h.jpg 713f1d09-wra-WarinChamrap-m-mt.jpg 71c72868-nla-Nakhonluang-m-mt.jpg 7546636e-bja-BanChang-m-mt.jpg 77d25d71-srg-Saraburi7-m-mt.jpg 80cb2cb1-nkc-NongKai3-m-h.jpg 8907a55f-noy-NongYai-m-mt.jpg 92483dd4-scb-SiRacha2-m-mt.jpg a708d842-svn-Suvarnabhumi-sm-h.jpg b46454b6-llm-LamLukKa3-m-h.jpg b74c3520-wcn-WangChan-m-mt.jpg b7b901e0-aca-AmataCity1-sm-mt.jpg be5b4069-bwa-BangWua1-sm-mt.jpg be6c93cc-nkp-NikhomPhatthana-m-mt.jpg bfc1b84e-ssk-SiSongkhram-m-mt.jpg c011212e-bsm-BangSamak1-sm-dbsb.jpg c0ea8640-ctb-Chanthaburi2-m-h.jpg c9098ddd-pnr-PongNamRon-sm-mt.jpg cd51a7c9-pyw-PattayaTai3-m-dbsb.jpg d130b227-bbd-BanBueng4-m-h.jpg d1a1be5d-wia-WihanDaeng-m-mt.jpg ddc43c4b-wda-SawangDaenDin-m-h.jpg de1283de-xda-SoiDao-m-h.jpg e2d73ab2-sel-Selaphum-m-h.jpg e754dcff-kkc-KhonKaen3-m-mt.jpg ebff9502-kke-KhonKaen5-m-mt.jpg fc766199-kmk-KhaoMaiKaeo-m-mt.jpg ff930de2-xia-SoPhisai-m-h.jpg
v_m_digital,77,62,TRUE, 02b65651-dea-DetUdom-m-mt.jpg 07f7ff81-atc-AngThong3-m-h.jpg 0b32b1c9-rco-Rotchana2-m-mt.jpg 13e37597-fya-PlaengYao-m-h.jpg 187e2f10-ude-UdonThani5-m-dbsb.jpg 1939da14-kts-Kantharalak2-m-h.jpg 1a0018b7-kbm-KabinBuri5-m-bh.jpg 1a595406-mna-PhibunMangsahan-m-h.jpg 1bef809f-pha-PhanomSarakham-sm-mt.jpg 21ab6afd-ube-UbonRatchathani5-sm-h.jpg 24e49320-zta-Buntharik-m-h.jpg 2519656d-nna-NakhonPhanom2-m-mt.jpg 2a588b34-hsr-HuaSamrong-sm-1-dbsb.jpg 31261d31-pab-PrachinBuri2-m-bh.jpg 34c2ad3e-bub-BuengKan2-m-h.jpg 39c50475-mkb-Mahasarakham2-m-mt.jpg 3c486426-klb-Kalasin2-m-h.jpg 3e9b689f-nea-NamYuen-m-h.jpg 49495b18-lcc-LeamChabang3-m-dbsb.jpg 4cd875f9-kpo-KoPho-m-mt.jpg 4d860933-nvm-NavaNakhon2-sm-dbsb.jpg 506b3dc8-kwc-KhlongKhwang3-m-dbsb.jpg 50ea20ec-bbc-BanBueng3-m-h.jpg 55fe9113-mlk-MuakLek-sm-mt.jpg 590f9244-bva-BoThong-m-h.jpg 5dd1a288-rsb-RangSitTai2-mt-dbsb.jpg 614ca369-lma-LakChaiMuangYang-sm-mt.jpg 63da3aa2-ubd-UbonRatchathani4-m-mt.jpg 66834636-kia-Kantharawichai-sm-h.jpg 6897a4f9-bnh-Bueng3-m-h.jpg 6c8b9587-sob-SakonNakhon2-m-h.jpg 7111c693-gua-KhlongNueng-sm-h.jpg 713f1d09-wra-WarinChamrap-m-mt.jpg 71c72868-nla-Nakhonluang-m-mt.jpg 77d25d71-srg-Saraburi7-m-mt.jpg 80cb2cb1-nkc-NongKai3-m-h.jpg 818f31e5-nna-NakhonPhanom1-m-h.jpg 8907a55f-noy-NongYai-m-mt.jpg 92483dd4-scb-SiRacha2-m-mt.jpg a708d842-svn-Suvarnabhumi-sm-h.jpg b46454b6-llm-LamLukKa3-m-h.jpg b7b901e0-aca-AmataCity1-sm-mt.jpg bb02702d-bba-BanBueng1-sm-1-dbsb.jpg be5b4069-bwa-BangWua1-sm-mt.jpg be6c93cc-nkp-NikhomPhatthana-m-mt.jpg bfc1b84e-ssk-SiSongkhram-m-mt.jpg c011212e-bsm-BangSamak1-sm-dbsb.jpg c0ea8640-ctb-Chanthaburi2-m-h.jpg c2b80ec9-kni-KhuengNai-m-h.jpg cb98c237-ubc-UbonRatchathani3-m-bh.jpg cd51a7c9-pyw-PattayaTai3-m-dbsb.jpg ce22fb62-bib-BangPaIn2-sm-2-dbsb.jpg d130b227-bbd-BanBueng4-m-h.jpg d1a1be5d-wia-WihanDaeng-m-mt.jpg ddc43c4b-wda-SawangDaenDin-m-h.jpg de1283de-xda-SoiDao-m-h.jpg e2d73ab2-sel-Selaphum-m-h.jpg e8589e46-ply-PluakDaeng5-sm-bh.jpg ebff9502-kke-KhonKaen5-m-mt.jpg f21477da-apb-AoPhai2-sm-1-dbsb.jpg fc766199-kmk-KhaoMaiKaeo-m-mt.jpg ff930de2-xia-SoPhisai-m-h.jpg
